
INSERT INTO `admin_payment_details` (`id`, `name`, `value`) VALUES
(1, 'bank_beneficiaryname', ''),
(2, 'bank_account_number', ''),
(3, 'routing_number', ''),
(4, 'bank_name', ''),
(5, 'bank_address', ''),
(6, 'bank_city', ''),
(7, 'bank_province', ''),
(8, 'bank_country', ''),
(9, 'account_type', '');

INSERT INTO `adserver_languages` (`id`, `language`, `encoding`, `code`, `direction`, `status`) VALUES
(1, 'English', 'utf-8', 'en', 'ltr', 1),
(2, 'Spanish', 'utf-8', 'es', 'ltr', 1),
(3, 'French', 'utf-8', 'fr', 'ltr', 1),
(4, 'German', 'utf-8', 'de', 'ltr', 1),
(5, 'Russian', 'utf-8', 'ru', 'ltr', 1),
(6, 'Arabic', 'utf-8', 'ar', 'rtl', 1),
(7, 'Hindi', 'utf-8', 'hi', 'ltr', 1),
(10, 'Indonesian', 'utf-8', 'id', 'ltr', 1),
(11, 'Italian', 'utf-8', 'it', 'ltr', 1),
(12, 'Japanese', 'utf-8', 'ja', 'ltr', 1),
(13, 'Chinese', 'utf-8', 'zh', 'ltr', 1),
(14, 'Thai', 'utf-8', 'th', 'ltr', 1),
(15, 'Dutch', 'utf-8', 'nl', 'ltr', 1),
(16, 'Portuguese', 'utf-8', 'pt', 'ltr', 1);

INSERT INTO `adserver_public_images` (`id`, `image_name`, `date`, `status`) VALUES
(1, 'd91c17982a3727764836e08f5ebacbd8.png', '1369375007', '1'),
(2, 'fd1849c2514783e8380745529e1b2911.png', '1369376623', '1'),
(3, '8aef80b7d701d71f7675e9c291243e7a.png', '1369382664', '1');

INSERT INTO `ad_location_mapping` (`id`, `adid`, `country`, `region`, `city`) VALUES
(2, 1, 'AF', '', ''),
(3, 1, 'AX', '', ''),
(4, 1, 'AL', '', ''),
(5, 1, 'DZ', '', ''),
(6, 1, 'AS', '', ''),
(7, 1, 'AD', '', ''),
(8, 1, 'AO', '', ''),
(9, 1, 'AI', '', ''),
(10, 1, 'AQ', '', ''),
(11, 1, 'AG', '', ''),
(12, 1, 'AR', '', ''),
(13, 1, 'AM', '', ''),
(14, 1, 'AW', '', ''),
(15, 1, 'AU', '', ''),
(16, 1, 'AT', '', ''),
(17, 1, 'AZ', '', ''),
(18, 1, 'BS', '', ''),
(19, 1, 'BH', '', ''),
(20, 1, 'BD', '', ''),
(21, 1, 'BB', '', ''),
(22, 1, 'BY', '', ''),
(23, 1, 'BE', '', ''),
(24, 1, 'BZ', '', ''),
(25, 1, 'BJ', '', ''),
(26, 1, 'BM', '', ''),
(27, 1, 'BT', '', ''),
(28, 1, 'BO', '', ''),
(29, 1, 'BA', '', ''),
(30, 1, 'BW', '', ''),
(31, 1, 'BV', '', ''),
(32, 1, 'BR', '', ''),
(33, 1, 'IO', '', ''),
(34, 1, 'BN', '', ''),
(35, 1, 'BG', '', ''),
(36, 1, 'BF', '', ''),
(37, 1, 'BI', '', ''),
(38, 1, 'KH', '', ''),
(39, 1, 'CM', '', ''),
(40, 1, 'CA', '', ''),
(41, 1, 'CV', '', ''),
(42, 1, 'KY', '', ''),
(43, 1, 'CF', '', ''),
(44, 1, 'TD', '', ''),
(45, 1, 'CL', '', ''),
(46, 1, 'CN', '', ''),
(47, 1, 'CX', '', ''),
(48, 1, 'CC', '', ''),
(49, 1, 'CO', '', ''),
(50, 1, 'KM', '', ''),
(51, 1, 'CG', '', ''),
(52, 1, 'CD', '', ''),
(53, 1, 'CK', '', ''),
(54, 1, 'CR', '', ''),
(55, 1, 'CI', '', ''),
(56, 1, 'HR', '', ''),
(57, 1, 'CU', '', ''),
(58, 1, 'CY', '', ''),
(59, 1, 'CZ', '', ''),
(60, 1, 'DK', '', ''),
(61, 1, 'DJ', '', ''),
(62, 1, 'DM', '', ''),
(63, 1, 'DO', '', ''),
(64, 1, 'EC', '', ''),
(65, 1, 'EG', '', ''),
(66, 1, 'SV', '', ''),
(67, 1, 'GQ', '', ''),
(68, 1, 'ER', '', ''),
(69, 1, 'EE', '', ''),
(70, 1, 'ET', '', ''),
(71, 1, 'FK', '', ''),
(72, 1, 'FO', '', ''),
(73, 1, 'FJ', '', ''),
(74, 1, 'FI', '', ''),
(75, 1, 'FR', '', ''),
(76, 1, 'GF', '', ''),
(77, 1, 'PF', '', ''),
(78, 1, 'TF', '', ''),
(79, 1, 'GA', '', ''),
(80, 1, 'GM', '', ''),
(81, 1, 'GE', '', ''),
(82, 1, 'DE', '', ''),
(83, 1, 'GH', '', ''),
(84, 1, 'GI', '', ''),
(85, 1, 'GR', '', ''),
(86, 1, 'GL', '', ''),
(87, 1, 'GD', '', ''),
(88, 1, 'GP', '', ''),
(89, 1, 'GU', '', ''),
(90, 1, 'GT', '', ''),
(91, 1, 'GG', '', ''),
(92, 1, 'GN', '', ''),
(93, 1, 'GW', '', ''),
(94, 1, 'GY', '', ''),
(95, 1, 'HT', '', ''),
(96, 1, 'HM', '', ''),
(97, 1, 'VA', '', ''),
(98, 1, 'HN', '', ''),
(99, 1, 'HK', '', ''),
(100, 1, 'HU', '', ''),
(101, 1, 'IS', '', ''),
(102, 1, 'IN', '', ''),
(103, 1, 'ID', '', ''),
(104, 1, 'IR', '', ''),
(105, 1, 'IQ', '', ''),
(106, 1, 'IE', '', ''),
(107, 1, 'IM', '', ''),
(108, 1, 'IL', '', ''),
(109, 1, 'IT', '', ''),
(110, 1, 'JM', '', ''),
(111, 1, 'JP', '', ''),
(112, 1, 'JE', '', ''),
(113, 1, 'JO', '', ''),
(114, 1, 'KZ', '', ''),
(115, 1, 'KE', '', ''),
(116, 1, 'KI', '', ''),
(117, 1, 'KP', '', ''),
(118, 1, 'KR', '', ''),
(119, 1, 'KW', '', ''),
(120, 1, 'KG', '', ''),
(121, 1, 'LA', '', ''),
(122, 1, 'LV', '', ''),
(123, 1, 'LB', '', ''),
(124, 1, 'LS', '', ''),
(125, 1, 'LR', '', ''),
(126, 1, 'LY', '', ''),
(127, 1, 'LI', '', ''),
(128, 1, 'LT', '', ''),
(129, 1, 'LU', '', ''),
(130, 1, 'MO', '', ''),
(131, 1, 'MK', '', ''),
(132, 1, 'MG', '', ''),
(133, 1, 'MW', '', ''),
(134, 1, 'MY', '', ''),
(135, 1, 'MV', '', ''),
(136, 1, 'ML', '', ''),
(137, 1, 'MT', '', ''),
(138, 1, 'MH', '', ''),
(139, 1, 'MQ', '', ''),
(140, 1, 'MR', '', ''),
(141, 1, 'MU', '', ''),
(142, 1, 'YT', '', ''),
(143, 1, 'MX', '', ''),
(144, 1, 'FM', '', ''),
(145, 1, 'MD', '', ''),
(146, 1, 'MC', '', ''),
(147, 1, 'MN', '', ''),
(148, 1, 'ME', '', ''),
(149, 1, 'MS', '', ''),
(150, 1, 'MA', '', ''),
(151, 1, 'MZ', '', ''),
(152, 1, 'MM', '', ''),
(153, 1, 'NA', '', ''),
(154, 1, 'NR', '', ''),
(155, 1, 'NP', '', ''),
(156, 1, 'NL', '', ''),
(157, 1, 'AN', '', ''),
(158, 1, 'NC', '', ''),
(159, 1, 'NZ', '', ''),
(160, 1, 'NI', '', ''),
(161, 1, 'NE', '', ''),
(162, 1, 'NG', '', ''),
(163, 1, 'NU', '', ''),
(164, 1, 'NF', '', ''),
(165, 1, 'MP', '', ''),
(166, 1, 'NO', '', ''),
(167, 1, 'OM', '', ''),
(168, 1, 'PK', '', ''),
(169, 1, 'PW', '', ''),
(170, 1, 'PS', '', ''),
(171, 1, 'PA', '', ''),
(172, 1, 'PG', '', ''),
(173, 1, 'PY', '', ''),
(174, 1, 'PE', '', ''),
(175, 1, 'PH', '', ''),
(176, 1, 'PN', '', ''),
(177, 1, 'PL', '', ''),
(178, 1, 'PT', '', ''),
(179, 1, 'PR', '', ''),
(180, 1, 'QA', '', ''),
(181, 1, 'RE', '', ''),
(182, 1, 'RO', '', ''),
(183, 1, 'RU', '', ''),
(184, 1, 'RW', '', ''),
(185, 1, 'SH', '', ''),
(186, 1, 'KN', '', ''),
(187, 1, 'LC', '', ''),
(188, 1, 'PM', '', ''),
(189, 1, 'VC', '', ''),
(190, 1, 'WS', '', ''),
(191, 1, 'SM', '', ''),
(192, 1, 'ST', '', ''),
(193, 1, 'SA', '', ''),
(194, 1, 'SN', '', ''),
(195, 1, 'RS', '', ''),
(196, 1, 'SC', '', ''),
(197, 1, 'SL', '', ''),
(198, 1, 'SG', '', ''),
(199, 1, 'SK', '', ''),
(200, 1, 'SI', '', ''),
(201, 1, 'SB', '', ''),
(202, 1, 'SO', '', ''),
(203, 1, 'ZA', '', ''),
(204, 1, 'GS', '', ''),
(205, 1, 'ES', '', ''),
(206, 1, 'LK', '', ''),
(207, 1, 'SD', '', ''),
(208, 1, 'SR', '', ''),
(209, 1, 'SJ', '', ''),
(210, 1, 'SZ', '', ''),
(211, 1, 'SE', '', ''),
(212, 1, 'CH', '', ''),
(213, 1, 'SY', '', ''),
(214, 1, 'TW', '', ''),
(215, 1, 'TJ', '', ''),
(216, 1, 'TZ', '', ''),
(217, 1, 'TH', '', ''),
(218, 1, 'TL', '', ''),
(219, 1, 'TG', '', ''),
(220, 1, 'TK', '', ''),
(221, 1, 'TO', '', ''),
(222, 1, 'TT', '', ''),
(223, 1, 'TN', '', ''),
(224, 1, 'TR', '', ''),
(225, 1, 'TM', '', ''),
(226, 1, 'TC', '', ''),
(227, 1, 'TV', '', ''),
(228, 1, 'UG', '', ''),
(229, 1, 'UA', '', ''),
(230, 1, 'AE', '', ''),
(231, 1, 'GB', '', ''),
(232, 1, 'US', '', ''),
(233, 1, 'UM', '', ''),
(234, 1, 'UY', '', ''),
(235, 1, 'UZ', '', ''),
(236, 1, 'VU', '', ''),
(237, 1, 'VE', '', ''),
(238, 1, 'VN', '', ''),
(239, 1, 'VG', '', ''),
(240, 1, 'VI', '', ''),
(241, 1, 'WF', '', ''),
(242, 1, 'EH', '', ''),
(243, 1, 'YE', '', ''),
(244, 1, 'ZM', '', ''),
(245, 1, 'ZW', '', ''),
(247, 2, 'FR', '', ''),
(248, 2, 'RE', '', '');

INSERT INTO `banner_dimension` (`id`, `width`, `height`, `file_size`, `wap_status`) VALUES
(1, 468, 60, 80, 0);

INSERT INTO `catalog_dimension` (`id`, `height`, `width`, `filesize`, `wapstatus`) VALUES
(1, 50, 100, 100, 0),
(2, 50, 50, 50, 1);

INSERT INTO `email_templates` (`id`, `email_subject`, `email_body`) VALUES
(1, '{ENGINE_NAME} Advertiser Registration', 'Hi {USERNAME}\r\n\r\nThank you for registering at {ENGINE_NAME}.\r\nYour advertiser account is active.\r\nYour login name is given below.\r\nUsername:{USERNAME}\r\n\r\n<a href="{ADV_LOGIN_PATH}">Click here to login</a>\r\n\r\nRegards\r\n{ENGINE_NAME}'),
(2, '{ENGINE_NAME}  Publisher Registration', 'Hi {USERNAME}\r\n\r\nThank you for registering at {ENGINE_NAME}.\r\n\r\nYour login name is given below.\r\nUsername:{USERNAME}\r\n\r\nYou account is pending approval.\r\nAdmin will check your request soon.\r\n\r\n\r\nRegards\r\n{ENGINE_NAME}'),
(3, '{ENGINE_NAME} Publisher Account Approval', 'Hi {USERNAME}\r\n\r\nYour request for {ENGINE_NAME} publisher account has been approved.\r\n<a href="{PUB_LOGIN_PATH}">Click here to login</a>\r\n\r\n\r\nRegards\r\n{ENGINE_NAME}'),
(4, '{ENGINE_NAME} Publisher Account Rejected', 'Hi  {USERNAME}\r\n\r\nWe are temporarily disabling your publisher application due to unavoidable reasons. \r\n\r\nRegards\r\n{ENGINE_NAME}'),
(5, '{ENGINE_NAME}  publisher account status', 'Hi  {USERNAME}\r\n\r\nYour {ENGINE_NAME} publisher account has been blocked due to one or more of the following reasons.\r\n\r\n1)Placing ads aginst our terms.\r\n\r\n2)Fraud clicking activity.\r\n\r\nRegards\r\n{ENGINE_NAME}'),
(6, '{ENGINE_NAME} publisher account activated', 'Hi {USERNAME}\r\n\r\nYour {ENGINE_NAME} publisher account is active now.\r\n<a href="{PUB_LOGIN_PATH}">Click here to login</a>\r\n\r\n\r\nRegards\r\n{ENGINE_NAME}'),
(7, '{ENGINE_NAME} advertiser account blocked', 'Hi {USERNAME}\r\n\r\nYour {ENGINE_NAME} advertiser account has been blocked due to one or more of the following reasons.\r\n\r\n1)Posting spam ads.\r\n\r\n2)Posting ads against our terms.\r\n\r\nRegards\r\n{ENGINE_NAME}'),
(8, '{ENGINE_NAME} advertiser account activated', 'Hi {USERNAME}\r\n\r\nYour {ENGINE_NAME}  advertiser account is active now.\r\n<a href="{ADV_LOGIN_PATH}">Click here to login</a>\r\n\r\n\r\nRegards\r\n{ENGINE_NAME}'),
(9, '{ENGINE_NAME} ad activated', 'Hi {USERNAME}\r\n\r\nOne of your ad has been activated.\r\n\r\n{AD_ID}\r\n\r\nRegards\r\n{ENGINE_NAME}'),
(10, '{ENGINE_NAME} ad blocked', 'Hi {USERNAME}\r\n\r\nOne of your ad has been blocked.\r\n\r\n{AD_ID}\r\n\r\nRegards\r\n{ENGINE_NAME}'),
(11, '{ENGINE_NAME} ad deleted', 'Hi {USERNAME}\r\n\r\nOne of your ads has been deleted because of one or more of the following reasons\r\n\r\n1)Your ad is a spam ad.\r\n\r\n2)Your ad is against our terms.\r\n\r\nRegards\r\n{ENGINE_NAME}'),
(12, '{ENGINE_NAME} Fund Recieved', 'Hi {USERNAME}\r\n\r\n\r\nYou have successfully added funds to {ENGINE_NAME} advertiser account\r\nPayment Mode   : {PAYMODE} \r\nPayment Amount : {PAYMENT_AMOUNT}\r\nBonus Amount  : {BONOUS_AMOUNT}\r\n\r\n\r\nRegards\r\n{ENGINE_NAME}'),
(13, '{ENGINE_NAME} warning', 'Hi  {USERNAME}\r\n\r\nWe have identified that you are doing fraud activity with your publisher account.\r\nYour fraud clicks end earnings have been deleted.\r\nThis is your first and last warning.\r\nIf you further attempt fraud clicks, your account will be blocked.\r\n\r\nRegards\r\n{ENGINE_NAME}'),
(14, '{ENGINE_NAME}  publisher account status', 'Hi  {USERNAME}\r\n\r\nWe have identified that you are doing fraud activity with your publisher account.\r\nYour fraud clicks end earnings have been deleted and your account has been blocked.\r\n\r\nRegards\r\n{ENGINE_NAME}'),
(15, '{ENGINE_NAME} Account balance running low', 'Hi  {USERNAME}\r\n\r\nYou account balance is running low.\r\nPlease add sufficient funds to your account immediately to ensure that your ads won''t stop showing. \r\n\r\nRegards\r\n{ENGINE_NAME}'),
(16, '{ENGINE_NAME}  Ad monthly budget crossed', 'Hi  {USERNAME}\r\n\r\nOne of your ads has crossed the monthly budget limit.\r\n\r\nAd Id: {AD_ID}\r\n\r\nPlease consider increasing the budget for the same.\r\n\r\nRegards\r\n{ENGINE_NAME}'),
(17, '{ENGINE_NAME} Advertiser Account Approval', 'Hi {USERNAME}\r\n\r\nYour request for {ENGINE_NAME} advertiser account has been approved.\r\n<a href="{ADV_LOGIN_PATH}">Click here to login</a>\r\n\r\n\r\nRegards\r\n{ENGINE_NAME}'),
(18, '{ENGINE_NAME} Advertiser Account Rejected', 'Hi {USERNAME}\r\n\r\nWe are temporarily disabling your advertiser application due to unavoidable reasons. \r\n\r\nRegards\r\n{ENGINE_NAME}'),
(19, '{ENGINE_NAME} Advertiser Email Confirmation', 'Hi {USERNAME}\r\n\r\nYour request for {ENGINE_NAME} advertiser account is under verification.\r\n<a href="{ADV_CONFIRM_PATH}">Click here</a>  to confirm your email.\r\n\r\n\r\nRegards\r\n{ENGINE_NAME}'),
(20, '{ENGINE_NAME} Publisher Email Confirmation', 'Hi {USERNAME}\r\n\r\nYour request for {ENGINE_NAME} publisher account is under verification.\r\n<a href="{PUB_CONFIRM_PATH}">Click here</a>  to confirm your email.\r\n\r\n\r\nRegards\r\n{ENGINE_NAME}'),
(21, '{ENGINE_NAME} advertiser account login info', 'Hello, \r\n\r\nYou had requested for resetting your password. Your new login credentials are given below.\r\n\r\nUsername : {USERNAME} \r\n\r\nNew Password : {PASSWORD} \r\n\r\nPlease login and change the the temporary password \r\n\r\nThanks\r\n{ENGINE_NAME}'),
(22, '{ENGINE_NAME} publisher account login info', 'Hello, \r\n\r\nYou had requested for resetting your password. Your new login credentials are given below.\r\n\r\nUsername : {USERNAME} \r\n\r\nNew Password : {PASSWORD} \r\n\r\nPlease login and change the the temporary password \r\n\r\nThanks\r\n{ENGINE_NAME}'),
(23, '{ENGINE_NAME} Account login info', 'Hello, \r\n\r\nYou had requested for resetting your password. Your new login credentials are given below.\r\n\r\nUsername  : {USERNAME} \r\n\r\nNew Password : {PASSWORD} \r\n\r\nPlease login and change the the temporary password \r\n\r\nThanks\r\n{ENGINE_NAME}'),
(24, '{ENGINE_NAME} Registration', 'Hi {USERNAME}\r\n\r\nThank you for registering at {ENGINE_NAME}.\r\n\r\nYour login name is given below.\r\nUsername:{USERNAME}\r\n\r\nYour advertiser account is {ADV_STATUS} and publisher account is {PUB_STATUS}.\r\nAdmin will check your request soon.\r\n\r\n\r\nRegards\r\n{ENGINE_NAME}'),
(25, '{ENGINE_NAME} Email Confirmation', 'Hi {USERNAME}\r\n\r\nYour request for {ENGINE_NAME} account is under verification.\r\n\r\n<a href="{CONFIRM_PATH}">Click here</a>  to confirm your email.\r\n\r\n\r\nRegards\r\n{ENGINE_NAME}'),
(26, '{ENGINE_NAME}  Account blocked', 'Hi {USERNAME}\r\n\r\nYour {ENGINE_NAME} advertiser and publisher accounts have been blocked .\r\n\r\nRegards\r\n{ENGINE_NAME}'),
(27, '{ENGINE_NAME} Account activated', 'Hi {USERNAME}\r\n\r\nYour {ENGINE_NAME} advertiser and publisher accounts are active now.\r\n<a href="{LOGIN_PATH}">Click here to login</a>\r\n\r\n\r\nRegards\r\n{ENGINE_NAME}'),
(28, '{ENGINE_NAME} Account Rejected', 'Hi  {USERNAME}\r\n\r\nWe are temporarily disabling your advertiser and publisher applications due to unavoidable reasons. \r\n\r\nRegards\r\n{ENGINE_NAME}'),
(29, '{ENGINE_NAME} Account Approval', 'Hi {USERNAME}\r\n\r\nYour request for {ENGINE_NAME} advertiser and publisher accounts has been approved.\r\n<a href="{LOGIN_PATH}">Click here to login</a>\r\n\r\n\r\nRegards\r\n{ENGINE_NAME}'),
(30, '{ENGINE_NAME}  Change status', 'Hi {USERNAME}\r\n\r\nYour advertiser account has been {ADV_STATUS} and publisher account has been {PUB_STATUS}.\r\n<a href="{LOGIN_PATH}">Click here to login</a>\r\n\r\nRegards\r\n{ENGINE_NAME}');

INSERT INTO `gift_code` (`id`, `name`, `coupon_code`, `status`, `type`, `amount`, `expirydate`, `no_times`, `count`) VALUES
(1, 'coupon Test', '2014CouponTest', 1, 1, 30, 1397692800, 50, 0);

INSERT INTO `location_country` (`code`, `name`) VALUES
('A1', 'Anonymous Proxy'),
('A2', 'Satellite Provider'),
('AD', 'Andorra'),
('AE', 'United Arab Emirates'),
('AF', 'Afghanistan'),
('AG', 'Antigua and Barbuda'),
('AI', 'Anguilla'),
('AL', 'Albania'),
('AM', 'Armenia'),
('AN', 'Netherlands Antilles'),
('AO', 'Angola'),
('AP', 'Asia/Pacific Region'),
('AQ', 'Antarctica'),
('AR', 'Argentina'),
('AS', 'American Samoa'),
('AT', 'Austria'),
('AU', 'Australia'),
('AW', 'Aruba'),
('AX', 'Aland Islands'),
('AZ', 'Azerbaijan'),
('BA', 'Bosnia and Herzegovina'),
('BB', 'Barbados'),
('BD', 'Bangladesh'),
('BE', 'Belgium'),
('BF', 'Burkina Faso'),
('BG', 'Bulgaria'),
('BH', 'Bahrain'),
('BI', 'Burundi'),
('BJ', 'Benin'),
('BM', 'Bermuda'),
('BN', 'Brunei Darussalam'),
('BO', 'Bolivia'),
('BR', 'Brazil'),
('BS', 'Bahamas'),
('BT', 'Bhutan'),
('BV', 'Bouvet Island'),
('BW', 'Botswana'),
('BY', 'Belarus'),
('BZ', 'Belize'),
('CA', 'Canada'),
('CC', 'Cocos (Keeling) Islands'),
('CD', 'Congo, The Democratic Republic of the'),
('CF', 'Central African Republic'),
('CG', 'Congo'),
('CH', 'Switzerland'),
('CI', 'Cote d''Ivoire'),
('CK', 'Cook Islands'),
('CL', 'Chile'),
('CM', 'Cameroon'),
('CN', 'China'),
('CO', 'Colombia'),
('CR', 'Costa Rica'),
('CU', 'Cuba'),
('CV', 'Cape Verde'),
('CX', 'Christmas Island'),
('CY', 'Cyprus'),
('CZ', 'Czech Republic'),
('DE', 'Germany'),
('DJ', 'Djibouti'),
('DK', 'Denmark'),
('DM', 'Dominica'),
('DO', 'Dominican Republic'),
('DZ', 'Algeria'),
('EC', 'Ecuador'),
('EE', 'Estonia'),
('EG', 'Egypt'),
('EH', 'Western Sahara'),
('ER', 'Eritrea'),
('ES', 'Spain'),
('ET', 'Ethiopia'),
('EU', 'Europe'),
('FI', 'Finland'),
('FJ', 'Fiji'),
('FK', 'Falkland Islands (Malvinas)'),
('FM', 'Micronesia, Federated States of'),
('FO', 'Faroe Islands'),
('FR', 'France'),
('GA', 'Gabon'),
('GB', 'United Kingdom'),
('GD', 'Grenada'),
('GE', 'Georgia'),
('GF', 'French Guiana'),
('GG', 'Guernsey'),
('GH', 'Ghana'),
('GI', 'Gibraltar'),
('GL', 'Greenland'),
('GM', 'Gambia'),
('GN', 'Guinea'),
('GP', 'Guadeloupe'),
('GQ', 'Equatorial Guinea'),
('GR', 'Greece'),
('GS', 'South Georgia and the South Sandwich Islands'),
('GT', 'Guatemala'),
('GU', 'Guam'),
('GW', 'Guinea-Bissau'),
('GY', 'Guyana'),
('HK', 'Hong Kong'),
('HM', 'Heard Island and McDonald Islands'),
('HN', 'Honduras'),
('HR', 'Croatia'),
('HT', 'Haiti'),
('HU', 'Hungary'),
('ID', 'Indonesia'),
('IE', 'Ireland'),
('IL', 'Israel'),
('IM', 'Isle of Man'),
('IN', 'India'),
('IO', 'British Indian Ocean Territory'),
('IQ', 'Iraq'),
('IR', 'Iran, Islamic Republic of'),
('IS', 'Iceland'),
('IT', 'Italy'),
('JE', 'Jersey'),
('JM', 'Jamaica'),
('JO', 'Jordan'),
('JP', 'Japan'),
('KE', 'Kenya'),
('KG', 'Kyrgyzstan'),
('KH', 'Cambodia'),
('KI', 'Kiribati'),
('KM', 'Comoros'),
('KN', 'Saint Kitts and Nevis'),
('KP', 'Korea, Democratic People''s Republic of'),
('KR', 'Korea, Republic of'),
('KW', 'Kuwait'),
('KY', 'Cayman Islands'),
('KZ', 'Kazakhstan'),
('LA', 'Lao People''s Democratic Republic'),
('LB', 'Lebanon'),
('LC', 'Saint Lucia'),
('LI', 'Liechtenstein'),
('LK', 'Sri Lanka'),
('LR', 'Liberia'),
('LS', 'Lesotho'),
('LT', 'Lithuania'),
('LU', 'Luxembourg'),
('LV', 'Latvia'),
('LY', 'Libyan Arab Jamahiriya'),
('MA', 'Morocco'),
('MC', 'Monaco'),
('MD', 'Moldova, Republic of'),
('ME', 'Montenegro'),
('MG', 'Madagascar'),
('MH', 'Marshall Islands'),
('MK', 'Macedonia'),
('ML', 'Mali'),
('MM', 'Myanmar'),
('MN', 'Mongolia'),
('MO', 'Macao'),
('MP', 'Northern Mariana Islands'),
('MQ', 'Martinique'),
('MR', 'Mauritania'),
('MS', 'Montserrat'),
('MT', 'Malta'),
('MU', 'Mauritius'),
('MV', 'Maldives'),
('MW', 'Malawi'),
('MX', 'Mexico'),
('MY', 'Malaysia'),
('MZ', 'Mozambique'),
('NA', 'Namibia'),
('NC', 'New Caledonia'),
('NE', 'Niger'),
('NF', 'Norfolk Island'),
('NG', 'Nigeria'),
('NI', 'Nicaragua'),
('NL', 'Netherlands'),
('NO', 'Norway'),
('NP', 'Nepal'),
('NR', 'Nauru'),
('NU', 'Niue'),
('NZ', 'New Zealand'),
('OM', 'Oman'),
('PA', 'Panama'),
('PE', 'Peru'),
('PF', 'French Polynesia'),
('PG', 'Papua New Guinea'),
('PH', 'Philippines'),
('PK', 'Pakistan'),
('PL', 'Poland'),
('PM', 'Saint Pierre and Miquelon'),
('PN', 'Pitcairn'),
('PR', 'Puerto Rico'),
('PS', 'Palestinian Territory'),
('PT', 'Portugal'),
('PW', 'Palau'),
('PY', 'Paraguay'),
('QA', 'Qatar'),
('RE', 'Reunion'),
('RO', 'Romania'),
('RS', 'Serbia'),
('RU', 'Russian Federation'),
('RW', 'Rwanda'),
('SA', 'Saudi Arabia'),
('SB', 'Solomon Islands'),
('SC', 'Seychelles'),
('SD', 'Sudan'),
('SE', 'Sweden'),
('SG', 'Singapore'),
('SH', 'Saint Helena'),
('SI', 'Slovenia'),
('SJ', 'Svalbard and Jan Mayen'),
('SK', 'Slovakia'),
('SL', 'Sierra Leone'),
('SM', 'San Marino'),
('SN', 'Senegal'),
('SO', 'Somalia'),
('SR', 'Suriname'),
('ST', 'Sao Tome and Principe'),
('SV', 'El Salvador'),
('SY', 'Syrian Arab Republic'),
('SZ', 'Swaziland'),
('TC', 'Turks and Caicos Islands'),
('TD', 'Chad'),
('TF', 'French Southern Territories'),
('TG', 'Togo'),
('TH', 'Thailand'),
('TJ', 'Tajikistan'),
('TK', 'Tokelau'),
('TL', 'Timor-Leste'),
('TM', 'Turkmenistan'),
('TN', 'Tunisia'),
('TO', 'Tonga'),
('TR', 'Turkey'),
('TT', 'Trinidad and Tobago'),
('TV', 'Tuvalu'),
('TW', 'Taiwan'),
('TZ', 'Tanzania, United Republic of'),
('UA', 'Ukraine'),
('UG', 'Uganda'),
('UM', 'United States Minor Outlying Islands'),
('US', 'United States'),
('UY', 'Uruguay'),
('UZ', 'Uzbekistan'),
('VA', 'Holy See (Vatican City State)'),
('VC', 'Saint Vincent and the Grenadines'),
('VE', 'Venezuela'),
('VG', 'Virgin Islands, British'),
('VI', 'Virgin Islands, U.S.'),
('VN', 'Vietnam'),
('VU', 'Vanuatu'),
('WF', 'Wallis and Futuna'),
('WS', 'Samoa'),
('YE', 'Yemen'),
('YT', 'Mayotte'),
('ZA', 'South Africa'),
('ZM', 'Zambia'),
('ZW', 'Zimbabwe');

INSERT INTO `messages` (`id`, `message`, `messagefor`, `date`, `status`) VALUES
(1, 'test', 'advertiser', 1397088000, -1);

INSERT INTO `nesote_chat_country` (`id`, `country_name`, `country_iso2`, `country_iso3`, `country_flag`, `country_status`) VALUES
(1, 'India', 'IN', 'IND', 'f369108df4de46c0d1e82ba05d4f1ed9.png', 1),
(2, 'United States', 'US', 'USA', '2251349e86613bcf6c19447a824ca2bd.png', 1),
(4, 'Romania', 'RO', 'ROU', '8fa6b2efac44f4d129e76d145d4e9dd4.png', 1),
(5, 'Kenya', 'KE', 'KEN', 'b9db106be0c5d8c8e68f83f54a47b05d.png', 1),
(26, 'Afghanistan', 'AF', 'AFG', '7d1321ec2cf6cf97b42bad54866655b8.png', 1),
(27, 'Albania', 'AL', 'ALB', '0730121d1affc6dc97a6b94f74d0d1ca.png', 1),
(28, 'Algeria', 'DZ', 'DZA', '400f270c7bc2c0bc6958bd8c685a948c.png', 1),
(29, 'American Samoa', 'AS', 'ASM', '60fc6fd2f63fdf099b2fd6367d108c03.png', 1),
(30, 'Andorra', 'AD', 'AND', '8614da910ef483900aee280ff905ee7e.png', 1),
(31, 'Angola', 'AO', 'AGO', 'c4a1fdc5d144bda8bd42c53029eb507e.png', 1),
(32, 'Anguilla', 'AI', 'AIA', 'a83bd15cd6e403c42b968aab038fb957.png', 1),
(33, 'Antigua And Barbuda', 'AG', 'ATG', '22eeb7c940ebd71f592516f7276d8a4e.png', 1),
(34, 'Argentina', 'AR', 'ARG', 'a284b40bb72c785706ce59721980e210.png', 1),
(35, 'Armenia', 'AM', 'ARM', 'c0ee3e3abb30d169ad5813d0dbbd5ad4.png', 1),
(36, 'Aruba', 'AW', 'ABW', '2a48b04947bd1c8a45a0b19bd3cb7d83.png', 1),
(37, 'Australia', 'AU', 'AUS', '430c8e6693b5b0dcf6b8018fad5dd743.png', 1),
(38, 'Austria', 'AT', 'AUT', '7fd12483afe14fba8b9f1c31a5d581d2.png', 1),
(39, 'Azerbaijan', 'AZ', 'AZE', '0564271caff717411e530843589e3710.png', 1),
(40, 'Bahamas', 'BS', 'BHS', '54b737b766d73179eba05134460a1036.png', 1),
(41, 'Bahrain', 'BH', 'BHR', '1a229bd2b2caa66e891bc4c7f87542e5.png', 1),
(42, 'Bangladesh', 'BD', 'BGD', '9e41ee39f8413839a658ea42430c60d8.png', 1),
(43, 'Barbados', 'BB', 'BRB', 'ffd257cb394ed50869fb378b09dc4ba6.png', 1),
(44, 'Belarus', 'BY', 'BLR', '5c442398ca33800d38c9fbcd0c705f3a.png', 1),
(45, 'Belgium', 'BE', 'BEL', '3209d0b2a3e35f8bfa7b2b540a71af59.png', 1),
(46, 'Belize', 'BZ', 'BLZ', 'dd609db925daf6d6be5cd0a774175dcc.png', 1),
(47, 'Benin', 'BJ', 'BEN', '0d6a596a31f610e1d863b1adac0b3c96.png', 1),
(48, 'Bermuda', 'BM', 'BMU', 'a31bee728ebf59958547f2d97f00a404.png', 1),
(49, 'Bhutan', 'BT', 'BTN', '85acd618942317ef8ed6998bcb9dba5e.png', 1),
(50, 'Bolivia', 'BO', 'BOL', '38f4f836ee12763b215bb428f6c9d3ae.png', 1),
(51, 'Bosnia', 'BA', 'BIH', 'ad40a223c31181f619ad6bfac509e81b.png', 1),
(52, 'Botswana', 'BW', 'BWA', '1ee554b3ba7f78d15d07d32bf5911f64.png', 1),
(53, 'Brazil', 'BR', 'BRA', '8cd0769b641c4b6109f1f42e611fda32.png', 1),
(54, 'British Indian Ocean Territory', 'IO', 'IOT', 'cac3c414b00c1824ba9c9d18951ba3ed.png', 1),
(55, 'Brunei', 'BN', 'BRN', '9c6049e61477ec58c636a49973dc3bbd.png', 1),
(56, 'Bulgaria', 'BG', 'BGR', 'f4fcaf84421a1e614e440e4166cb7af9.png', 1),
(57, 'Burkina Faso', 'BF', 'BFA', '5e9506f093722167223016d6fe861de8.png', 1),
(58, 'Burundi', 'BI', 'BDI', '6352b68ac75d3e0a3bcfd84dcabb6e72.png', 1),
(59, 'Cambodia', 'KH', 'KHM', '1b8dc159b93334776fac1add76b89e5c.png', 1),
(60, 'Cameroon', 'CM', 'CMR', '92bae1e9b81905389b5fe3c41308829e.png', 1),
(61, 'Canada', 'CA', 'CAN', 'a3fc814ece1aa301053ec8785b4160e8.png', 1),
(62, 'Cape Verde', 'CV', 'CPV', 'cd7509d21a147b3fc5328425fe687cb2.png', 1),
(63, 'Cayman Islands', 'KY', 'CYM', 'f062ebfe266ff8bde34a566061b32ebd.png', 1),
(64, 'Central African Republic', 'CF', 'CAF', 'd3d77dd39ff87dde439cf8c964992085.png', 1),
(65, 'Chad', 'TD', 'TCD', '799f8a4df8ab251bafcba62388d34bbe.png', 1),
(66, 'Chile', 'CL', 'CHL', 'fa879a54071d4e1e2c0925a98069fa86.png', 1),
(67, 'China', 'CN', 'CHN', '812d61be50d4754b23b661bc34a04a39.png', 1),
(68, 'Christmas Island', 'CX', 'CXR', '15f53443278d0c02fec532f7369d986e.png', 1),
(69, 'Colombia', 'CO', 'COL', '80510f4a43ee9d5478269f46058050d3.png', 1),
(70, 'Comoros', 'KM', 'COM', '03ebafd180179ab0f1117c8ba03481ee.png', 1),
(71, 'Cook Islands', 'CK', 'COK', '374cc1fa6aa54a88c3c272d596081241.png', 1),
(72, 'Costa Rica', 'CR', 'CRI', 'daef44907da0011f358b43f9cd4541e7.png', 1),
(73, 'Côte d''Ivoire', 'CI', 'CIV', '78825c2326b84482eaef407efa272d35.png', 1),
(74, 'Croatia', 'HR', 'HRV', '94e5a7dc4d1d5484483c550b5739e6af.png', 1),
(75, 'Cuba', 'CU', 'CUB', '6c005be1b73d27848796006a8924568a.png', 1),
(76, 'Cyprus', 'CY', 'CYP', '646ac34fdee912b93d6ad4b3f648f665.png', 1),
(77, 'Czech Republic', 'CZ', 'CZE', '5d98a23c660e4877691af6c5507b33eb.png', 1),
(78, 'Democratic Republic of the Congo', 'CD', 'COD', '5978fca70d5b4dfe59dae2d506ac1ed4.png', 1),
(79, 'Denmark', 'DK', 'DNK', '694620a4ed293727a0594ef4d8555f7d.png', 1),
(80, 'Djibouti', 'DJ', 'DJI', 'e275db7fc1518388d071d50f6fd42c47.png', 1),
(81, 'Dominica', 'DM', 'DMA', '276f0be14ce53e10d5cb7271d81accff.png', 1),
(82, 'Dominican Republic', 'DO', 'DOM', '5bac27c54e7935131e1c4f291c5e362c.png', 1),
(83, 'Ecuador', 'EC', 'ECU', 'b291696b6cf49b8d2544135db8e6427d.png', 1),
(84, 'Egypt', 'EG', 'EGY', '374172a9c9421dbe3636e5e5adaa8524.png', 1),
(85, 'El Salvador', 'SV', 'SLV', '5ca863dcd78336d203ad57e879eaa729.png', 1),
(86, 'Equatorial Guinea', 'GQ', 'GNQ', 'f557df9f04d591b79c2458d33bd24bc1.png', 1),
(87, 'Eritrea', 'ER', 'ERI', '8b8caff0d65b11f637c87dcdd10f05a1.png', 1),
(88, 'Estonia', 'EE', 'EST', '6fd621693f445ff2ca3e59199bf473a0.png', 1),
(89, 'Ethiopia', 'ET', 'ETH', '068f16374af8744a2f5387585c554d93.png', 1),
(90, 'Falkland Islands', 'FK', 'FLK', '3e143f272a02da8d6832e2f54071001b.png', 1),
(91, 'Faroe Islands', 'FO', 'FRO', '23331de2803079e2cd62367ced6ec866.png', 1),
(92, 'Fiji', 'FJ', 'FJI', 'c10880dee3473c2276d6d9ef7ac7e18d.png', 1),
(93, 'Finland', 'FI', 'FIN', 'c47e9b63d6a666525cc136f06b2303c8.png', 1),
(94, 'France', 'FR', 'FRA', 'ded0fdb8d8ac3055046b881b4cdf2fdc.png', 1),
(95, 'French Polynesia', 'PF', 'PYF', 'b4c9c824d75fa477309de854fef1aecb.png', 1),
(96, 'Gabon', 'GA', 'GAB', 'e7346fb4cc72a2ae6e74d291fb5c1a18.png', 1),
(97, 'Gambia', 'GM', 'GMB', '43f245cecdd7102694155ee8299618a7.png', 1),
(98, 'Georgia', 'GE', 'GEO', '196893ef9a611e5c385abeb6bba4ecbc.png', 1),
(99, 'Germany', 'DE', 'DEU', '9b959ba56ff97aec2f8ed4317571e5dc.png', 1),
(100, 'Ghana', 'GH', 'GHA', '8891a3e243336631871041277186ef9b.png', 1),
(101, 'Gibraltar', 'GI', 'GIB', '1829221f57b61dea1fb092833e581763.png', 1),
(102, 'Greece', 'GR', 'GRC', 'd8eee37db6416aeaab7162a5c3f8b5b4.png', 1),
(103, 'Greenland', 'GL', 'GRL', 'f6eb8212a364cb716f0666389bfe12c9.png', 1),
(104, 'Grenada', 'GD', 'GRD', '5f5fd9572e8ddac693df60cb4ba0fa44.png', 1),
(105, 'Guam', 'GU', 'GUM', 'e94fccef0f2def525018ca032a8141bb.png', 1),
(106, 'Guatemala', 'GT', 'GTM', '552f92e7611ae98853d1cc7834ceb6f7.png', 1),
(107, 'Guinea', 'GN', 'GIN', 'b2520ac8d32e27f41719593ccd8e6d64.png', 1),
(108, 'Guinea_Bissau', 'GW', 'GNB', '95bf350e37d866fcb1927d7c337e716a.png', 1),
(109, 'Guyana', 'GY', 'GUY', '1f2163bc256b92a4a03487d9428c3708.png', 1),
(110, 'Haiti', 'HT', 'HTI', '28d0b92342df68b356adf62b4fbfbe36.png', 1),
(111, 'Honduras', 'HN', 'HND', '090ece409e01a5cc66b73a0868c39102.png', 1),
(112, 'Hong Kong', 'HK', 'HKG', '638282a51793529e80e40771fefd25f3.png', 1),
(113, 'Hungary', 'HU', 'HUN', '6a3dc3fe2b20f1cdffc88c8ea4bd227a.png', 1),
(114, 'Iceland', 'IS', 'ISL', 'c1e32501535672de955c5a4da11566ce.png', 1),
(115, 'Indonesia', 'ID', 'IDN', '85e40aaa91000e21c42b044fb4c9d03f.png', 1),
(116, 'Iran', 'IR', 'IRN', 'd19b7a75b336b5d8c3e74d1403b8de69.png', 1),
(117, 'Iraq', 'IQ', 'IRQ', 'c4139f299de29be69880d7fd73914aea.png', 1),
(118, 'Ireland', 'IE', 'IRL', '4bc75990f36a8bc5042aacdf0da4e9ce.png', 1),
(119, 'Israel', 'IL', 'ISR', '940e570b62072cca7b718d7ff4822147.png', 1),
(120, 'Italy', 'IT', 'ITA', '2af39e94e93c739bf2fcd40291e2a72a.png', 1),
(121, 'Jamaica', 'JM', 'JAM', 'e777ac9711b136ba8f168b6f80b605ee.png', 1),
(122, 'Japan', 'JP', 'JPN', 'fce9760a35a40026845a660417b66784.png', 1),
(123, 'Jordan', 'JO', 'JOR', 'e4925d7b83214f137b661564451b1eef.png', 1),
(124, 'Kazakhstan', 'KZ', 'KAZ', '0eaed11e059a203646fcf95260d81c52.png', 1),
(125, 'Kiribati', 'KI', 'KIR', 'c014537fb3e43fb7df805877ba6a2150.png', 1),
(126, 'Korea,Democratic People''s  Republic Of', 'KP', 'PRK', '8a320ade62a9f4c6587030a92863a61c.png', 1),
(127, 'korea,Republic Of', 'KR', 'KOR', '9c6db1490bb7e3075159e7959ef34d34.png', 1),
(128, 'Kuwait', 'KW', 'KWT', '5c594be781b21a8559eae66e35a409ec.png', 0),
(129, 'Kyrgyzstan', 'KG', 'KGZ', 'ceb08676ff590d122baf227c65ff3414.png', 1),
(130, 'Laos', 'LA', 'LAO', '048b7c01db092cb65ed93d31a3f0a28e.png', 1),
(131, 'Latvia', 'LV', 'LVA', '7c8be1dcd5dc45bee97ad96cc2fb7e4d.png', 1),
(132, 'Lebanon', 'LB', 'LBN', '3628e64c5a8017d0c0e79ae397e4f0a9.png', 1),
(133, 'Lesotho', 'LS', 'LSO', '13c2850fc0029c187c487df2d82fb0db.png', 1),
(134, 'Liberia', 'LR', 'LBR', '052f1a6524d8a9026662a7f1e1914169.png', 1),
(135, 'Libya', 'LY', 'LBY', '45ccb16f866bc1d5b7765612549c8a79.png', 1),
(136, 'Liechtenstein', 'LI', 'LIE', '6f60a4077e1e34903b1a17271b4180a6.png', 1),
(137, 'Lithuania', 'LT', 'LTU', 'd965d8b92f83a93ee2b78559520cf5f6.png', 1),
(138, 'Luxembourg', 'LU', 'LUX', '3fe51731aee20f1c4feadeed4378e1ff.png', 1),
(139, 'Macao', 'MO', 'MAC', '68624dfb2d00ebff60287991a2b50c4b.png', 1),
(140, 'Macedonia', 'MK', 'MKD', 'd214ba3d337f81bd89865da5d8270c05.png', 1),
(141, 'Madagascar', 'MG', 'MDG', '9caa313fea5b686588322f7aca2e8e9a.png', 1),
(142, 'Malawi', 'MW', 'MWI', '08d425ed09f1e7ded854e61fecbb217d.png', 1),
(143, 'Malaysia', 'MY', 'MYS', 'dadd1785f78fa264c47caaac5d9f99a3.png', 1),
(144, 'Maldives', 'MV', 'MDV', 'aaccf4f5fa6e1413c42fd89217555f70.png', 1),
(145, 'Mali', 'ML', 'MLI', 'f0019cc600d5c0030873f0da68029aed.png', 1),
(146, 'Malta', 'MT', 'MLT', '1050121ecc6570c81d105509c84a6b98.png', 1),
(147, 'Marshall Islands', 'MH', 'MHL', '3d92e137bd1558cd7b36532063589d75.png', 1),
(148, 'Martinique', 'MQ', 'MTQ', '51efd43e0b728220c6d6814cd43f5f6c.png', 1),
(149, 'Mauritania', 'MR', 'MRT', 'f22fd930ef46540afb40eb4991877182.png', 1),
(150, 'Mauritius', 'MU', 'MUS', '13f6e478e0dacc4ad5340ec3a4e95c05.png', 1),
(151, 'Mexico', 'MX', 'MEX', '0ad9adf3df98db6efbcc11ca1b8b99ec.png', 1),
(152, 'Micronesia', 'FM', 'FSM', '789c571d4594a2b1894de4f529f76d3a.png', 1),
(153, 'Moldova', 'MD', 'MDA', '3b59ab5ba3dd668d9581991a1ab48f17.png', 1),
(154, 'Monaco', 'MC', 'MCO', '413de0c27a62a439d1b1faef59c78ce9.png', 1),
(155, 'Mongolia', 'MN', 'MNG', 'bcf72c21a6783e9771c658351ba5092f.png', 1),
(156, 'Montserrat', 'MS', 'MSR', '46b7c1dd58a5c7a953a4a21e484c5d97.png', 1),
(157, 'Morocco', 'MA', 'MAR', 'e40408e87f106961d3aecf0333d6896b.png', 1),
(158, 'Mozambique', 'MZ', 'MOZ', '1909ace3439f1aab03a892c9b3430ef1.png', 1),
(159, 'Myanmar', 'MM', 'MMR', '76d5cb3e0acf6e02c1145a645e3062f4.png', 1),
(160, 'Namibia', 'NA', 'NAM', 'ce0a0cc9b730a5078ba33c4616911f28.png', 1),
(161, 'Nauru', 'NR', 'NRU', 'ebc29a9508a198ec03d145d85e13e010.png', 1),
(162, 'Nepal', 'NP', 'NPL', '3a0d768cc3c362eb900117e55bebb947.png', 1),
(163, 'Netherlands', 'NL', 'NLD', '32d6c7fe0037a8017d3afb20835a161c.png', 1),
(164, 'Netherlands Antilles', 'AN', 'ANT', '461eba6a3af5385365a8e850a51c3b64.png', 1),
(165, 'New Zealand', 'NZ', 'NZL', 'd9e68a36ce3d0348812d45f59114e2d1.png', 1),
(166, 'Nicaragua', 'NI', 'NIC', '91cd66c1eae988815faceea0c75a9172.png', 1),
(167, 'Niger', 'NE', 'NER', '721c2414ce07fe3c6476839e33f4e282.png', 1),
(168, 'Nigeria', 'NG', 'NGA', '596c245b2784227f433fa2a656a6f54b.png', 1),
(169, 'Niue', 'NU', 'NIU', '32e3688c1a501d24243e31209be88d54.png', 1),
(170, 'Norfolk Island', 'NF', 'NFK', '123dfbd998c4739ae32c44b0f0f5d71e.png', 1),
(171, 'Norway', 'NO', 'NOR', '0f7799c7337aa6723f1732e9cc94571b.png', 1),
(172, 'Oman', 'OM', 'OMN', '27a4a05f971fbab7d5d9791f563e5a89.png', 1),
(173, 'Pakistan', 'PK', 'PAK', 'f38f49f0afd5c20b0ab3f08e1ade748b.png', 1),
(174, 'Palau', 'PW', 'PLW', 'efaf40642693e83962d7acd430784ebc.png', 1),
(175, 'Panama', 'PA', 'PAN', '3ffdada27bbe43d907c7272dc57cccf0.png', 1),
(176, 'Papua New Guinea', 'PG', 'PNG', 'edd711cdf03bae66534a74e5053d0628.png', 1),
(177, 'Paraguay', 'PY', 'PRY', '57abc9037f0ac6f582f555d8acd5c35c.png', 1),
(178, 'Peru', 'PE', 'PER', 'a82b9437e2ecd60c39b79c32fb536343.png', 1),
(179, 'Philippines', 'PH', 'PHL', '3b22c8d5006870590cbdf4abad4a96db.png', 1),
(180, 'Pitcairn Islands', 'PN', 'PCN', '83f4548704013188caac1009250d9a22.png', 1),
(181, 'Poland', 'PL', 'POL', '99d991b8f36893326d4f2edcc614bd46.png', 1),
(182, 'Portugal', 'PT', 'PRT', '124ea146ee25cf08798a778025426183.png', 1),
(183, 'Puerto Rico', 'PR', 'PRI', '87bd0acd88887be43f1778c2714502a2.png', 1),
(184, 'Qatar', 'QA', 'QAT', '816fa012ae915b789aa53f8abb8666cd.png', 1),
(185, 'Republic of the  Congo', 'CG', 'COG', 'c8d9e6ed75afda30a420f00929da5aed.png', 1),
(186, 'Russian Federation', 'RU', 'RUS', 'feb3251a5d74b587aefb5b5d30abfa37.png', 1),
(187, 'Rwanda', 'RW', 'RWA', '8a5304752898a80446c9d7c38cb9c477.png', 1),
(188, 'Saint Kitts and Nevis', 'KN', 'KNA', '7ada67d32066ed4ff9365010717f54ae.png', 1),
(189, 'Saint Lucia', 'LC', 'LCA', '667b881a85ed494600cf88f252a3f2ed.png', 1),
(190, 'Saint Pierre', 'PM', 'SPM', 'cc263ec58c078f9405273f966807446d.png', 1),
(191, 'Saint Vicent and the Grenadines', 'VC', 'VCT', '15d613b03de119d23c4e915582ca2c78.png', 1),
(192, 'Samoa', 'WS', 'WSM', '767012da23117a1eb689199d9184ced1.png', 1),
(193, 'San Marino', 'SM', 'SMR', 'd81245582ec652c89005f6c2e9a85c05.png', 1),
(194, 'Sao Tomé and Príncipe', 'ST', 'STP', '329c085f6c7aa971e2757e2fb9ea3e3d.png', 1),
(195, 'Saudi Arabia', 'SA', 'SAU', '1fe712ea7fcce73ec2fb754f1a78fa14.png', 1),
(196, 'Senegal', 'SN', 'SEN', '22f9269ba5007cabec49706a56af3456.png', 1),
(197, 'Serbia and Montenegro', 'CS', 'SCG', '5973c162b447b67105d902f5682a1ab6.png', 1),
(198, 'Seychelles', 'SC', 'SYC', '03e4953046e5a2bd628437d15a3dff15.png', 1),
(199, 'Sierra Leone', 'SL', 'SLE', '9a00caae732efa0c33d46995205f0250.png', 1),
(200, 'Singapore', 'SG', 'SGP', 'c3574a08f1b791d307023c458b131079.png', 1),
(201, 'Slovakia', 'SK', 'SVK', '89b86f0a7ad34c3c8ba5d466e310333a.png', 1),
(202, 'Slovenia', 'SI', 'SVN', '3273b7699ae86a272f7c208357d42218.png', 1),
(203, 'Soloman Islands', 'SB', 'SLB', 'fa41e2752bbc67d44e7c2d4bcb352c59.png', 1),
(204, 'Somalia', 'SO', 'SOM', '01892aa9347d370eeed62f29910c79e0.png', 1),
(205, 'South Africa', 'ZA', 'ZAF', 'ef76c0b3650e2751c09f25cc360a3a32.png', 1),
(206, 'South Georgia', 'GS', 'SGS', 'c52aa6e69777be98c2b60e4adc1c0e3a.png', 1),
(207, 'Spain', 'ES', 'ESP', '58fb42154a2fc1e7c0b0ec8c94547fee.png', 1),
(208, 'Sri Lanka', 'LK', 'LKA', '23d5ed96f24e6ac65639fbc4c492b6cf.png', 1),
(209, 'Sudan', 'SD', 'SDN', '38ff2229801cee5f053ec14b4c3e5517.png', 1),
(210, 'Suriname', 'SR', 'SUR', 'b82127c86ddfabb8e81617b73a2a66db.png', 1),
(211, 'Swaziland', 'SZ', 'SWZ', '662d8542d65ec9ce364a84ff42960084.png', 1),
(212, 'Sweden', 'SE', 'SWE', '9841d8812e56a50b76181f92574bf388.png', 1),
(213, 'Switzerland', 'CH', 'CHE', '01cec16897f98c996fdb608af2b26ca4.png', 1),
(214, 'Syria', 'SY', 'SYR', '0f942a30f491904b70e26b248a02a009.png', 1),
(215, 'Taiwan', 'TW', 'TWN', '7418a90d5980ac4b351553e9d0c190ae.png', 1),
(216, 'Tajikistan', 'TJ', 'TJK', 'bef50a1b4f82b4b8e9324b1b1d97fe41.png', 1),
(217, 'Tanzania', 'TZ', 'TZA', '61091fc9dfc41c1f74e24ba6c9e5c35c.png', 1),
(218, 'Thailand', 'TH', 'THA', 'b508111bb2a3da48097d8e476ade7ad8.png', 1),
(219, 'Timor Leste', 'TL', 'TLS', '90e07b230c8a990cee19535c162c45d5.png', 1),
(220, 'Togo', 'TG', 'TGO', '9832e9c741cc66e2cac344620b3865cd.png', 1),
(221, 'Tonga', 'TO', 'TON', '3765dcaf9319c295c5e96f6c85683b26.png', 1),
(222, 'Trinidad and Tobago', 'TT', 'TTO', '4cad3f477599fb5f1da4104432d41508.png', 1),
(223, 'Tunisia', 'TN', 'TUN', '08807d2c3cc880bda5faa5647adad1bb.png', 1),
(224, 'Turkey', 'TR', 'TUR', 'b3574792044a1f5962c6a72bbd0c1452.png', 1),
(225, 'Turkmenistan', 'TM', 'TKM', '0a0d3b496951809ba48fec7bc69ac750.png', 1),
(226, 'Turks and Caicos Islands', 'TC', 'TCA', '980c994940fa5a799d439ed138e4c663.png', 1),
(227, 'Tuvalu', 'TV', 'TUV', '220c8a189a341e6448ce209f1f113c00.png', 1),
(228, 'UAE', 'AE', 'ARE', 'f255715e4138eb8588e588118bb13584.png', 1),
(229, 'Uganda', 'UG', 'UGA', '4c33fb0ae9e1feb0a1dc3c8082bfb777.png', 1),
(230, 'Ukraine', 'UA', 'UKR', '1abeb02ee28691eceb296249579f13e6.png', 1),
(231, 'United Kingdom', 'GB', 'GBR', '29e3de954ae3a6b44c3728233dc899e7.png', 1),
(232, 'Uruguay', 'UY', 'URY', '29f0c7574b5671dd5e34d49284070578.png', 1),
(233, 'Uzbekistan', 'UZ', 'UZB', '1427a459809f849882a1537d95332df4.png', 1),
(234, 'Vanuatu', 'VU', 'VUT', 'bf97f00fdf10a2d6476545de39f61995.png', 1),
(235, 'Vatican City', 'VA', 'VAT', '578be996d51076cb5e06f7c8e60f717b.png', 1),
(236, 'Venezuela', 'VE', 'VEN', '5d895e9f07a396c8d4217bf98612659f.png', 1),
(237, 'Vietnam', 'VN', 'VNM', 'f0ab7897857e049acbff3133c3a59238.png', 1),
(238, 'Wallis and Futuna', 'WF', 'WLF', 'ba8af664e31810b00779c15e782d8388.png', 1),
(239, 'Yemen', 'YE', 'YEM', 'fc7f6435c89daaabaaf0b692ee16ab74.png', 1),
(240, 'Zambia', 'ZM', 'ZMB', 'ad22657beefb25f766479c645d77eb9c.png', 1),
(241, 'Zimbabwe', 'ZW', 'ZWE', '57208889b660755eb816e468086f3b96.png', 1),
(242, 'US Virgin Islands', 'VI', 'VIR', 'cfbbd0d8e62d2e9d71a762ca1fc17677.png', 1);

INSERT INTO `nesote_chat_login_status` (`id`, `user_id`, `time`, `ip_address`, `status`) VALUES
(1, 1, 1368184092, '117.196.172.135', 0);

INSERT INTO `nesote_chat_public_user` (`id`, `user_sectionid`, `username`, `email`, `name`, `joindate`, `user_ip`, `browser`, `status`) VALUES
(1, 721854427, 'Admin', '', 'Admin', '', '', '', 2);

INSERT INTO `ppc_ads` (`id`, `uid`, `link`, `title`, `summary`, `maxamount`, `amountused`, `createtime`, `status`, `bannersize`, `adtype`, `displayurl`, `updatedtime`, `pausestatus`, `wapstatus`, `adlang`, `name`, `contenttype`, `hardcodelinks`, `time_status`, `beg_time`, `end_time`, `adult_status`) VALUES
(1, 1, 'http://youtube.com', '180u.png', 'test', 15, 0, 1397051739, 1, 2, 2, 'test', 1397051739, 0, 1, 1, 'test', 'png', 0, 1, 0, 0, 0),
(2, 1, 'http://google.com', '180u.png', 'testaze', 1500, 0, 1397053584, 1, 1, 2, 'testze', 1397053584, 0, 0, 0, 'azerazer', 'png', 0, 1, 0, 0, 0);

INSERT INTO `ppc_ad_block` (`id`, `width`, `height`, `ad_type`, `max_size`, `orientaion`, `title_font`, `title_size`, `title_color`, `desc_font`, `desc_size`, `desc_color`, `url_font`, `url_size`, `url_color`, `bg_color`, `credit_font`, `credit_text_border_color`, `no_of_text_ads`, `credit_text_alignment`, `credit_text_positioning`, `allow_publishers`, `border_type`, `status`, `ad_font_weight`, `ad_title_decoration`, `ad_desc_font_weight`, `ad_desc_decoration`, `ad_disp_url_font_weight`, `ad_disp_url_decoration`, `credit_text_font_weight`, `credit_text_decoration`, `ad_block_name`, `credit_text`, `allow_title_color`, `allow_desc_color`, `allow_disp_url_color`, `allow_bg_color`, `allow_credit_color`, `allow_bordor_type`, `line_height`, `text_ad_type`, `catalog_size`, `no_of_catalog_ads`, `catalog_alignment`, `catalog_line_seperator`) VALUES
(13, 728, 90, 3, 100, 2, 'Arial, Helvetica, sans-serif', 12, '#000099', 'Arial, Helvetica, sans-serif', 12, '#0F0F0F', 'Arial, Helvetica, sans-serif', 12, '#009933', '#FFFFFF', 'Arial, Helvetica, sans-serif', '1', 3, 0, 0, 1, 0, 1, 2, 2, 1, 1, 1, 1, 2, 1, 'Leaderboard', 'Ads by adserver', 1, 1, 1, 1, 1, 1, 15, 1, 0, 0, 0, 0),
(14, 468, 60, 2, 100, 2, 'Arial, Helvetica, sans-serif', 12, '#000099', 'Arial, Helvetica, sans-serif', 12, '#0F0F0F', 'Arial, Helvetica, sans-serif', 10, '#009933', '#FFFFFF', 'Arial, Helvetica, sans-serif', '1', 1, 0, 0, 1, 0, 1, 2, 2, 1, 1, 1, 1, 2, 1, 'Banner', 'Ads by adserver', 1, 1, 1, 1, 1, 1, 15, 1, 0, 0, 0, 0),
(15, 160, 60, 2, 100, 2, 'Arial, Helvetica, sans-serif', 14, '#000099', 'Arial, Helvetica, sans-serif', 14, '#0F0F0F', 'Arial, Helvetica, sans-serif', 14, '#009933', '#FFFFFF', 'Arial, Helvetica, sans-serif', '1', 1, 0, 0, 1, 0, 1, 2, 2, 1, 1, 1, 1, 2, 1, 'Half Banner', 'Ads by adserver', 1, 1, 1, 1, 1, 1, 15, 1, 0, 0, 0, 0),
(16, 120, 600, 3, 100, 1, 'Arial, Helvetica, sans-serif', 12, '#000099', 'Arial, Helvetica, sans-serif', 12, '#0F0F0F', 'Arial, Helvetica, sans-serif', 10, '#009933', '#FFFFFF', 'Arial, Helvetica, sans-serif', '1', 4, 0, 0, 1, 0, 1, 2, 2, 1, 1, 1, 1, 2, 1, 'Skyscraper', 'Ads by adserver', 1, 1, 1, 1, 1, 1, 15, 1, 0, 0, 0, 0),
(17, 160, 600, 3, 100, 1, 'Arial, Helvetica, sans-serif', 14, '#000099', 'Arial, Helvetica, sans-serif', 14, '#0F0F0F', 'Arial, Helvetica, sans-serif', 12, '#009933', '#FFFFFF', 'Arial, Helvetica, sans-serif', '1', 4, 0, 0, 1, 0, 1, 2, 2, 1, 1, 1, 1, 2, 1, 'Wide Skyscraper', 'Ads by adserver', 1, 1, 1, 1, 1, 1, 15, 1, 0, 0, 0, 0),
(18, 120, 240, 2, 100, 1, 'Arial, Helvetica, sans-serif', 14, '#000099', 'Arial, Helvetica, sans-serif', 14, '#0F0F0F', 'Arial, Helvetica, sans-serif', 12, '#009933', '#FFFFFF', 'Arial, Helvetica, sans-serif', '1', 1, 0, 0, 1, 0, 1, 2, 2, 1, 1, 1, 1, 2, 1, 'Vertical Banner', 'Ads by adserver', 1, 1, 1, 1, 1, 1, 15, 1, 0, 0, 0, 0),
(19, 336, 280, 3, 100, 1, 'Arial, Helvetica, sans-serif', 14, '#000099', 'Arial, Helvetica, sans-serif', 14, '#0F0F0F', 'Arial, Helvetica, sans-serif', 12, '#009933', '#FFFFFF', 'Arial, Helvetica, sans-serif', '1', 3, 0, 0, 1, 0, 1, 2, 2, 1, 1, 1, 1, 2, 1, 'Large Rectangle', 'Ads by adserver', 1, 1, 1, 1, 1, 1, 15, 1, 0, 0, 0, 0),
(20, 300, 250, 3, 100, 1, 'Arial, Helvetica, sans-serif', 14, '#000099', 'Arial, Helvetica, sans-serif', 14, '#0F0F0F', 'Arial, Helvetica, sans-serif', 12, '#009933', '#FFFFFF', 'Arial, Helvetica, sans-serif', '1', 3, 0, 0, 1, 0, 1, 2, 2, 1, 1, 1, 1, 2, 1, 'Medium Rectangle', 'Ads by adserver', 1, 1, 1, 1, 1, 1, 15, 1, 0, 0, 0, 0),
(21, 250, 250, 3, 100, 1, 'Arial, Helvetica, sans-serif', 14, '#000099', 'Arial, Helvetica, sans-serif', 14, '#0F0F0F', 'Arial, Helvetica, sans-serif', 12, '#009933', '#FFFFFF', 'Arial, Helvetica, sans-serif', '1', 2, 0, 0, 1, 0, 1, 2, 2, 1, 1, 1, 1, 2, 1, 'Square', 'Ads by adserver', 1, 1, 1, 1, 1, 1, 15, 1, 0, 0, 0, 0),
(22, 200, 200, 3, 100, 1, 'Arial, Helvetica, sans-serif', 16, '#000099', 'Arial, Helvetica, sans-serif', 14, '#0F0F0F', 'Arial, Helvetica, sans-serif', 14, '#009933', '#FFFFFF', 'Arial, Helvetica, sans-serif', '1', 1, 0, 0, 1, 0, 1, 2, 2, 1, 1, 1, 1, 2, 1, 'Small Square', 'Ads by adserver', 1, 1, 1, 1, 1, 1, 15, 1, 0, 0, 0, 0),
(23, 180, 150, 3, 100, 1, 'Arial, Helvetica, sans-serif', 14, '#000099', 'Arial, Helvetica, sans-serif', 14, '#0F0F0F', 'Arial, Helvetica, sans-serif', 12, '#009933', '#FFFFFF', 'Arial, Helvetica, sans-serif', '1', 1, 0, 0, 1, 0, 1, 2, 2, 1, 1, 1, 1, 2, 1, 'Small Rectangle', 'Ads by adserver', 1, 1, 1, 1, 1, 1, 15, 1, 0, 0, 0, 0),
(24, 125, 125, 2, 100, 1, 'Arial, Helvetica, sans-serif', 14, '#000099', 'Arial, Helvetica, sans-serif', 14, '#0F0F0F', 'Arial, Helvetica, sans-serif', 14, '#009933', '#FFFFFF', 'Arial, Helvetica, sans-serif', '1', 1, 0, 0, 1, 0, 1, 2, 2, 1, 1, 1, 1, 2, 1, 'Button', 'Ads by adserver', 1, 1, 1, 1, 1, 1, 15, 1, 0, 0, 0, 0),
(25, 300, 100, 7, 100, 1, 'Arial, Helvetica, sans-serif', 14, '#000099', 'Arial, Helvetica, sans-serif', 14, '#0F0F0F', 'Arial, Helvetica, sans-serif', 14, '#009933', '#FFFFFF', 'Arial, Helvetica, sans-serif', '1', 1, 0, 0, 1, 0, 1, 2, 2, 1, 1, 1, 1, 2, 1, 'Inline Catalog Ad Block', '1', 1, 1, 1, 1, 1, 1, 15, 1, 1, 1, 0, 0),
(26, 300, 100, 6, 100, 1, 'Arial, Helvetica, sans-serif', 14, '#000099', 'Arial, Helvetica, sans-serif', 14, '#0F0F0F', 'Arial, Helvetica, sans-serif', 14, '#009933', '#FFFFFF', 'Arial, Helvetica, sans-serif', '1', 1, 0, 0, 1, 0, 1, 2, 2, 1, 1, 1, 1, 2, 1, 'Inline Text Ad Block', '1', 1, 1, 1, 1, 1, 1, 15, 1, 0, 0, 0, 0),
(27, 728, 90, 4, 100, 2, 'Arial, Helvetica, sans-serif', 14, ' #000099', 'Arial, Helvetica, sans-serif', 14, '#0F0F0F', 'Arial, Helvetica, sans-serif', 14, '#009933', '#FFFFFF', 'Arial, Helvetica, sans-serif', '1', 1, 0, 0, 1, 0, 1, 1, 1, 1, 1, 1, 1, 1, 1, 'Catalog horizontal', '1', 1, 1, 1, 1, 1, 1, 15, 1, 1, 2, 1, 0),
(28, 135, 320, 4, 100, 1, 'Arial, Helvetica, sans-serif', 14, ' #000099', 'Arial, Helvetica, sans-serif', 14, '#0F0F0F', 'Arial, Helvetica, sans-serif', 14, '#009933', '#FFFFFF', 'Arial, Helvetica, sans-serif', '1', 1, 0, 0, 1, 0, 1, 1, 1, 1, 1, 1, 1, 1, 1, 'Catalog Vertical', '1', 1, 1, 1, 1, 1, 1, 15, 1, 1, 2, 0, 0);

INSERT INTO `ppc_credittext_bordercolor` (`id`, `credit_text_color`, `border_color`) VALUES
(1, '#FFFFFF', '#000000'),
(2, '#000000', '#FFFFFF');

INSERT INTO `ppc_currency` (`id`, `currency`, `symbol`, `status`) VALUES
(1, 'ALL', 'Lek', 1),
(2, 'USD', '$', 1),
(3, 'AFN', '?', 1),
(4, 'ARS', '$', 1),
(5, 'AWG', 'ƒ', 1),
(6, 'AUD', '$', 1),
(7, 'AZN', '???', 1),
(8, 'BSD', '$', 1),
(9, 'BBD', '$', 1),
(10, 'BYR', 'p.', 1),
(11, 'EUR', '€', 1),
(12, 'BZD', 'BZ$', 1),
(13, 'BMD', '$', 1),
(14, 'BOB', '$b', 1),
(15, 'BAM', 'KM', 1),
(16, 'BWP', 'P', 1),
(17, 'BGN', '??', 1),
(18, 'BRL', 'R$', 1),
(19, 'BND', '$', 1),
(20, 'KHR', '?', 1),
(21, 'CAD', '$', 1),
(22, 'KYD', '$', 1),
(23, 'CLP', '$', 1),
(24, 'CNY', '¥', 1),
(25, 'COP', '$', 1),
(26, 'CRC', '¢', 1),
(27, 'HRK', 'kn', 1),
(28, 'CUP', '?', 1),
(29, 'CZK', 'Kc', 1),
(30, 'DKK', 'kr', 1),
(31, 'DOP', 'RD$', 1),
(32, 'XCD', '$', 1),
(33, 'EGP', '£', 1),
(34, 'SVC', '$', 1),
(35, 'GBP', '£', 1),
(36, 'FKP', '£', 1),
(37, 'FJD', '$', 1),
(38, 'GHC', '¢', 1),
(39, 'GIP', '£', 1),
(40, 'GTQ', 'Q', 1),
(41, 'GGP', '£', 1),
(42, 'GYD', '$', 1),
(43, 'HNL', 'L', 1),
(44, 'HKD', '$', 1),
(45, 'HUF', 'Ft', 1),
(46, 'ISK', 'kr', 1),
(47, 'INR', 'Rs', 1),
(48, 'IDR', 'Rp', 1),
(49, 'IRR', '?', 1),
(50, 'IMP', '£', 1),
(51, 'ILS', '?', 1),
(52, 'JMD', 'J$', 1),
(53, 'JPY', '¥', 1),
(54, 'JEP', '£', 1),
(55, 'KZT', '??', 1),
(56, 'KPW', '?', 1),
(57, 'KGS', '??', 1),
(58, 'LAK', '?', 1),
(59, 'LVL', 'Ls', 1),
(60, 'LBP', '£', 1),
(61, 'LRD', '$', 1),
(62, 'LTL', 'Lt', 1),
(63, 'MKD', '???', 1),
(64, 'MYR', 'RM', 1),
(65, 'MUR', '?', 1),
(66, 'MXN', '$', 1),
(67, 'MNT', '?', 1),
(68, 'MZN', 'MT', 1),
(69, 'NAD', '$', 1),
(70, 'NPR', '?', 1),
(71, 'ANG', 'ƒ', 1),
(72, 'NZD', '$', 1),
(73, 'NIO', 'C$', 1),
(74, 'NGN', '?', 1),
(75, 'NOK', 'kr', 1),
(76, 'OMR', '?', 1),
(77, 'PKR', '?', 1),
(78, 'PAB', 'B/.', 1),
(79, 'PYG', 'Gs', 1),
(80, 'PEN', 'S/.', 1),
(81, 'PHP', 'Php', 1),
(82, 'PLN', 'zl', 1),
(83, 'QAR', '?', 1),
(84, 'RON', 'lei', 1),
(85, 'RUB', '???', 1),
(86, 'SHP', '£', 1),
(87, 'SAR', '?', 1),
(88, 'RSD', '???.', 1),
(89, 'SCR', '?', 1),
(90, 'SGD', '$', 1),
(91, 'SBD', '$', 1),
(92, 'SOS', 'S', 1),
(93, 'ZAR', 'R', 1),
(94, 'KRW', '?', 1),
(95, 'LKR', '?', 1),
(96, 'SEK', 'kr', 1),
(97, 'CHF', 'CHF', 1),
(98, 'SRD', '$', 1),
(99, 'SYP', '£', 1),
(100, 'TWD', 'NT$', 1),
(101, 'THB', '?', 1),
(102, 'TTD', 'TT$', 1),
(103, 'TRY', 'TL', 1),
(104, 'TRL', '£', 1),
(105, 'TVD', '$', 1),
(106, 'UAH', '?', 1),
(107, 'UYU', '$U', 1),
(108, 'UZS', '??', 1),
(109, 'VEF', 'Bs', 1),
(110, 'VND', '?', 1),
(111, 'YER', '?', 1),
(112, 'ZWD', 'Z$', 1);

INSERT INTO `ppc_custom_ad_block` (`id`, `pid`, `bid`, `name`, `title_color`, `desc_color`, `url_color`, `bg_color`, `credit_color`, `bordor_type`, `status`, `ppc_restricted_sites`, `credit_text`, `scroll_ad`, `wapstatus`, `adlang`, `adult_status`, `template`) VALUES
(2, 0, 14, 'test', '#009933', '#FFFFFF', '#0F0F0F', '#000099', '1', 0, 1, '', 0, 0, 0, 0, 0, -1),
(3, 1, 14, 'test', '#000099', '#0F0F0F', '#009933', '#FFFFFF', '1', 0, 1, '', 0, 0, 0, 0, 0, -1),
(4, 0, 13, 'tst', ' #000099', '#0F0F0F', '#009933', '#FFFFFF', '1', 0, 1, '', 0, 0, 0, 0, 0, -1),
(5, 1, 13, 'tazet', '#999800', '#f39191', '#009933', '#e640ed', '1', 1, 1, '1', 0, 0, 0, 0, 0, -1);

INSERT INTO `ppc_keywords` (`id`, `aid`, `uid`, `keyword`, `maxcv`, `status`, `time`, `weightage`, `sid`) VALUES
(1, 1, 1, 'E-business', 0.01, 1, 1397051739, 0.01, 0),
(2, 1, 1, 'test', 10, 1, 1397051790, 10, 1),
(3, 1, 1, 'key', 10, 1, 1397051790, 10, 2),
(4, 1, 1, 'blabla', 10, 1, 1397051790, 10, 3),
(5, 2, 1, 'E-business', 0.01, 1, 1397053585, 0.01, 0),
(6, 2, 1, 'azer', 10, 1, 1397053605, 10, 4),
(7, 2, 1, 'test', 10, 1, 1397053605, 10, 1);

INSERT INTO `ppc_publishers` (`uid`, `username`, `password`, `email`, `status`, `country`, `domain`, `regtime`, `lastlogin`, `accountbalance`, `xmlstatus`, `lastloginip`, `rid`, `warning_status`, `traffic_analysis`, `firstname`, `lastname`, `phone_no`, `address`, `common_account_id`, `parent_status`, `server_id`, `captcha_status`, `captcha_time`, `taxidentification`, `premium_status`) VALUES
(1, 'test', 'caf38e19e70d7bf35a90b1db653bee5f', 'aer@gmail.fr', 1, 'FR', 'www.trouduc.com', 1397039843, 1397053658, 0, 0, '127.0.0.1', 0, 0, 0, 'azer', 'azer', 666666666, 'azerazer', 0, 0, 0, 0, 0, 'etry', 0);

INSERT INTO `ppc_publisher_credits` (`id`, `credit`, `language_id`, `parent_id`, `credittype`) VALUES
(1, 'Ads by adserver', 0, 0, 0);

INSERT INTO `ppc_publisher_payment_details` (`id`, `uid`, `paymentmode`, `paypalemail`, `payeename`, `address1`, `address2`, `city`, `state`, `country`, `zip`, `acc_no`, `routing_no`, `acc_type`, `bank_name`, `bank_address`, `b_city`, `b_state`, `b_country`, `b_zip`) VALUES
(1, 1, 1, NULL, NULL, NULL, NULL, NULL, NULL, NULL, NULL, NULL, '', '', '', NULL, '', '', '', '');

INSERT INTO `ppc_publishing_urls` (`id`, `pid`, `url`, `status`, `description`, `create_time`, `twt_ac`, `twt_ac_no`, `face_ac`, `face_ac_no`, `page_link`, `feed`, `feed_no`, `rank`) VALUES
(1, 1, 'monsite.com', 1, '0', 1397040109, '0', 0, '0', 0, '0', '0', 0, 0);

INSERT INTO `ppc_restricted_sites` (`id`, `uid`, `site`) VALUES
(1, 1, 'test.fr'),
(2, 1, 'toto.com');

INSERT INTO `ppc_settings` (`id`, `section`, `name`, `value`) VALUES
(1, 'ppc', 'table_fields_collation', 'utf8_unicode_ci'),
(2, 'ppc', 'ppc_engine_name', 'Inout Adserver'),
(3, 'ppc', 'min_user_password_length', '6'),
(4, 'ppc', 'default_admaxamount', '15'),
(5, 'ppc', 'client_language', 'fr'),
(6, 'ppc', 'ad_title_maxlength', '35'),
(7, 'ppc', 'ad_description_maxlength', '70'),
(8, 'ppc', 'auto_keyword_approve', '1'),
(9, 'ppc', 'opening_bonus', '10'),
(10, 'ppc', 'min_user_transaction_amount', '5'),
(11, 'ppc', 'min_click_value', '0.01'),
(12, 'ppc', 'paypal_currency', 'USD'),
(13, 'ppc', 'admin_general_notification_email', 'info@yoursite.com'),
(14, 'ppc', 'paypal_email', 'sales@yoursite.com'),
(15, 'ppc', 'payapl_payment_item_escription', 'Advertiser Account Fund Deposit'),
(16, 'ppc', 'admin_payment_notification_email', 'sales@yoursite.com'),
(17, 'ppc', 'send_mail_after_payment', '1'),
(18, 'ppc', 'revenue_booster', '1'),
(19, 'ppc', 'revenue_boost_level', '3'),
(20, 'ppc', 'ad_displayurl_maxlength', '35'),
(21, 'ppc', 'ad_display_char_encoding', 'utf-8'),
(22, 'ppc', 'affiliate_id', '0'),
(23, 'ppc', 'min_publisher_acc_balance', '50'),
(24, 'ppc', 'publisher_profit', '50'),
(25, 'ppc', 'ad_ageing_factor', '1'),
(26, 'ppc', 'page_width', '972px'),
(27, 'ppc', 'color_theme', 'green'),
(28, 'ppc', 'ad_title', 'This is a dummy ad title.'),
(29, 'ppc', 'ad_description', 'This is a dummy description for the dummy ad.'),
(30, 'ppc', 'ad_display_url', 'DummyAdDisplayURL'),
(31, 'ppc', 'publisher_checkpayment', '1'),
(32, 'ppc', 'advertiser_checkpayment', '0'),
(33, 'ppc', 'checkpayment_payeename', ''),
(34, 'ppc', 'checkpayment_payeeaddress', ''),
(35, 'ppc', 'advertiser_authpayment', '0'),
(36, 'ppc', 'authpaymentLoginid', ''),
(37, 'ppc', 'authSecretCode', ''),
(38, 'ppc', 'authpaymentTransactionKey', ''),
(39, 'ppc', 'keywords_default', 'E-business'),
(40, 'ppc', 'traffic_analysis', '0'),
(41, 'ppc', 'currency_symbol', '$'),
(42, 'ppc', 'adserver_upgradation_date', '0'),
(43, 'ppc', 'adserver_upgradation_date', '2014-04-08 17:32:28'),
(44, 'ppc', 'adserver_upgradation_date', '0'),
(45, 'ppc', 'fraud_time_interval', '24'),
(46, 'ppc', 'advertiser_minimum_account_balance', '5'),
(47, 'ppc', 'local_currency_pay', '1'),
(48, 'ppc', 'min_local_currency_pay_amt', '25'),
(49, 'ppc', 'advertiser_bankpayment', '0'),
(50, 'ppc', 'proxy_detection', '1'),
(51, 'ppc', 'logo_display_option', 'to'),
(52, 'ppc', 'advertiser_paypalpayment', '1'),
(53, 'ppc', 'single_account_mode', '0'),
(54, 'ppc', 'system_currency', 'USD'),
(55, 'ppc', 'account_migration', '0'),
(56, 'ppc', 'publisher_paypalpayment', '1'),
(57, 'ppc', 'ad_rotation', '3'),
(58, 'ppc', 'ad_keyword_mode', '3'),
(59, 'ppc', 'advertiser_referral_profit', '10'),
(60, 'ppc', 'publisher_referral_profit', '10'),
(61, 'ppc', 'referral_system', '1'),
(62, 'ppc', 'publisher_bankpayment', '0'),
(63, 'ppc', 'portal_system', '0'),
(64, 'format', 'day_of_week', '0'),
(65, 'format', 'day_of_month', '%e'),
(66, 'format', 'month', '%m'),
(67, 'format', 'year', '%y'),
(68, 'format', 'date_separators', '/'),
(69, 'format', 'datefield_format', 'dayamonth'),
(70, 'format', 'hour', '%H'),
(71, 'format', 'minute', '%M'),
(72, 'format', 'seconds', '%S'),
(73, 'format', 'clock_type', '24hour'),
(74, 'format', 'time_separator', ':'),
(75, 'format', 'currency_format', '$'),
(76, 'format', 'currency_position', '0'),
(77, 'format', 'thousand_separator', ','),
(78, 'format', 'decimal_separator', '.'),
(79, 'format', 'no_of_decimalplaces', '2'),
(80, 'ppc', 'timezone_change', 'GMT'),
(81, 'ppc_new', 'budget_period', '1'),
(82, 'ppc_new', 'adv_status', '1'),
(83, 'ppc_new', 'pub_status', '-1'),
(84, 'ppc_new', 'xml_auth_code', 'admin'),
(85, 'ppc', 'logo_path', ''),
(86, 'wap', 'wap_title_length', '18'),
(87, 'wap', 'wap_url_length', '20'),
(88, 'wap', 'wap_desc_length', '18'),
(89, 'wap', 'wap_ad_title', 'Dummy WAP ad title'),
(90, 'wap', 'wap_ad_description', 'Dummy WAP ad desc'),
(91, 'wap', 'wap_ad_display_url', 'DummyWapAdURL'),
(92, 'ppc', 'bonous_system_type', '1'),
(93, 'ppc', 'hardcode_check_url', 'http://inoutscripts.com'),
(94, 'ppc', 'captcha_status', '0'),
(95, 'ppc', 'captcha_time', '24'),
(96, 'ppc', 'premium_profit', '75'),
(97, 'ppc', 'raw_data_clearing', '1'),
(98, 'ppc', 'time_targeting', '0'),
(99, 'ppc', 'time_date_targetting', '0'),
(100, 'ppc', 'site_targeting', '1'),
(101, 'ppc', 'default_chat_status', '0'),
(102, 'ppc', 'chat_status', '0'),
(103, 'ppc', 'offline_image', 'offline_image.png'),
(104, 'ppc', 'online_image', 'online_image.png'),
(105, 'ppc', 'public_background', 'public_background.jpg'),
(106, 'ppc', 'advertiser_image', 'advertiser_image.png'),
(107, 'ppc', 'publisher_image', 'publisher_image.png'),
(108, 'ppc', 'bgimage_type', '1'),
(109, 'ppc', 'chat_visible_status', '0');

INSERT INTO `ppc_site_adunit` (`id`, `auid`, `siteid`) VALUES
(1, 1, 1),
(2, 3, 1),
(3, 5, 1);

INSERT INTO `ppc_users` (`uid`, `username`, `password`, `email`, `status`, `country`, `domain`, `regtime`, `lastlogin`, `accountbalance`, `rid`, `bonusbalance`, `firstname`, `lastname`, `phone_no`, `address`, `balancestatus`, `common_account_id`, `parent_status`, `taxidentification`) VALUES
(1, 'test', 'caf38e19e70d7bf35a90b1db653bee5f', 'monemail@email.com', 1, 'FR', 'www.trouduc.fr', 1397033148, 1397053467, 800, 0, 800, 'testNom', 'testPrenom', 666666666, '2 rue de mon cul', 0, 0, 0, '123');

INSERT INTO `server_configurations` (`id`, `name`, `server_url`, `min_range`, `max_range`, `srv_type`, `status`) VALUES
(1, 'load1', 'htt://load1/', 1, 2, 1, '000');

INSERT INTO `site_content` (`id`, `item_name`, `item_value`, `item_type`) VALUES
(1, 'meta-keywords', 'pay per click, pay per click advertising, online advertising, internet marketing, internet advertising, marketing, advertising,advertising network', 0),
(2, 'meta-description', 'Pay per click advertising - internet marketing solution for online advertisers.', 0),
(3, 'meta-keywords', 'pay per click,affiliate program,pay per click affiliate,pay per click affiliate program,make money,make money online,make money from your web site,webmasters make money,free affiliate program,online affiliate program,affiliate marketing,affiliate marketing program,webmaster affiliate program,internet affiliate program,ppc,webmaster tools,webmaster resources,website tools,web tools,publisher network', 1),
(4, 'meta-description', 'Pay per click publisher  program for Webmasters - place text ads on your website and generate revenue from your website traffic', 1),
(5, 'meta-keywords', 'pay per click,affiliate program, pay per click advertising,pay per click affiliate,pay per click affiliate program, online advertising, internet marketing,make money, internet advertising, marketing, advertising,advertising network,make money online,make money from your web site,webmasters make money,free affiliate program,online affiliate program,affiliate marketing,affiliate marketing program,webmaster affiliate program,internet affiliate program,ppc,webmaster tools,webmaster resources,website tools,web tools,publisher network', 2),
(6, 'meta-description', 'Pay Per Click advertising - internet marketing solution for online advertisers  and   Pay Per Click publisher  program for Webmasters - place text ads on your website and generate revenue from your website traffic', 2);

INSERT INTO `statistics_updation` (`id`, `task`, `e_time`, `status`, `last_id`) VALUES
(1, 'impression_backup', 0, 2, 0),
(2, 'click_backup', 0, 2, 0),
(3, 'advertiser_daily_statistics', 0, 2, 0),
(4, 'publisher_daily_statistics', 0, 2, 0),
(5, 'advertiser_monthly_statistics', 0, 2, 0),
(6, 'publisher_monthly_statistics', 0, 2, 0),
(7, 'advertiser_yearly_statistics', 0, 2, 0),
(8, 'publisher_yearly_statistics', 0, 2, 0),
(9, 'last_clearance_time', 0, 2, 0),
(10, 'visits_backup', 0, 2, 0),
(11, 'refferral_backup', 0, 2, 0),
(12, 'daily_referral_statistics', 0, 2, 0),
(13, 'monthly_referral_statistics', 0, 2, 0),
(14, 'yearly_referral_statistics', 0, 2, 0),
(15, 'reset_ads', 0, 2, 0),
(16, 'weightage_updation', 0, 2, 0),
(17, 'advertiser_impression_hourly_master_1', 0, 2, 0),
(18, 'publisher_impression_hourly_master_1', 0, 2, 0),
(19, 'visit_back_master_1', 0, 2, 0),
(20, 'keyword_daily_statistics', 0, 2, 0),
(21, 'keyword_monthly_statistics', 0, 2, 0),
(22, 'keyword_yearly_statistics', 0, 2, 0),
(23, 'rate_updation', 0, 2, 0),
(24, 'cron_run_time', 0, 2, 0);

INSERT INTO `system_keywords` (`id`, `keyword`, `createtime`, `rating`, `status`) VALUES
(1, 'test', 1397051790, 0, 1),
(2, 'key', 1397051790, 0, 1),
(3, 'blabla', 1397051790, 0, 1),
(4, 'azer', 1397053605, 0, 1);

INSERT INTO `terms_and_conditions` (`id`, `terms`, `type`) VALUES
(1, 'This Agreement shall govern participation in the SiteName advertising program. By participating in the Program, you will be deemed to have agreed to these Terms and Conditions. The term ''customer'' shall refer to any individual or entity who accepts the terms and conditions of this Agreement by submitting the Program registration.\r\nPAYMENT: \r\n	All Clients are required to pay one-hundred percent (100%) of the cost of the campaign before its activation. SiteName  reserves the right to set and negotiate specific payment terms on a client-by-client basis. \r\n\r\nREGISTRATION:\r\n        To use the Service, You must submit a complete SiteName registration form, which is available at {ADV_LOGIN_PATH}. As part of the registration process for the Service, You agree to:\r\n	Provide certain limited information about you as prompted to do so by the Service (such information to be current, complete and accurate) \r\n	Maintain and update this information as required to keep it current, complete and accurate. The information requested on original signup shall be referred to as registration data ("Registration Data"). \r\n        If SiteName  discovers that any of your registration data is inaccurate, incomplete or not current,SiteName  may terminate your right to access and receive the service immediately with or without notice. SiteName will evaluate the registration data in good faith and will notify you in a timely manner regarding acceptance or rejection. SiteName  may reject a registration application if it determines, in its sole discretion that the user is not an appropriate subscriber or user of the Service. Upon acceptance of this agreement and completion of the registration process You will have opened an account with SiteName and will become a subscriber to the SiteName advertising service.\r\n\r\nPARTICIPATION:\r\n       SiteName  shall have absolute discretion as to whether or not it accepts a particular customer or site for participation in the SiteName  network.\r\n\r\n1. SiteName will not direct visitors to sites containing content that is not appropriate for viewing by a general audience. The following are examples (including but not limited to) of the type of sites we will not direct visitors to:\r\n>>Sites with child pornography or sites that contain links to such content \r\n>>Sites containing or linking to software piracy \r\n>>Sites containing or linking to any form of illegal activity (i.e., how to build a bomb, hacking, ''phreaking'', etc.) \r\n>>Sites with gratuitous displays of violence, obscene or vulgar language, and abusive content or content which endorses or threatens physical harm \r\n>>Sites promoting any type of hate-mongering (i.e., racial, political, ethnic, religious, gender-based, sexuality-based or personal, etc.) \r\n>>Sites that participate in or transmit inappropriate newsgroup postings or unsolicited e-mail (spam) \r\n>>Sites promoting any type of illegal substance or activity sites with illegal, false or deceptive investment advice and money-making opportunities \r\n>>Sites with any type of content reasonable public consensus deem to be improper or inappropriate \r\n\r\n2. If your site is changed during the campaign such that it includes inappropriate content, SiteName  may stop your campaign immediately. In this case, you will not be entitled to a refund.\r\nData Reporting (Stats): All campaigns purchased on the SiteName  network are served, tracked and reported by SiteName. SiteName  is the sole owner of all website, campaign, and aggregate web user data collected by Site_Name . Customer only has access to website and web user data that is collected as part of customer''s campaign. \r\nPayment Liability: Site_Name reserves the right to hold customer and any agency, broker or other authorized representative of customer jointly and severally liable for all amounts owed to SiteName. \r\n\r\nGENERAL: \r\nRepresentations and Warranties: Customer hereby indemnifies and holds harmless Site_Name and the advertisers (including their successors, directors, officers, employees, agents, assigns) from and against all claims, loss, liability, damage and expense of any nature (including attorneys'' reasonable fees) in connection with the Advertisement URL and its linked websites, for any actual or alleged breach of any term of this Agreement. \r\nDamages: In no event shall either party be liable for special, indirect, incidental, or consequential damages, including, but not limited to, loss of data, loss of use, or loss of profits arising there under or from the provision of services. \r\nLimitation of Liability: Neither Site_Name  nor the participating sites will be subject to any liability whatsoever for :\r\n	Any failures to provide reference or access to all or any part of the Advertisement URL due to systems failures or other technological failures of Site_Name  or of the Internet; \r\n	Delays in delivery and/or non-delivery of a campaign, including, without limitation, difficulties with a third-party server, or electronic malfunction; \r\n	Errors in content or omissions in any Advertisement URLs provided by Customer.\r\n\r\nMODIFICATION:\r\nThe Program reserves the right to change any of these terms and conditions at any time without notice. You are responsible for complying with any changes to the terms and conditions within 10 days of the date of change.', 0),
(2, 'Site_Name   and Publisher, enter into this Publisher Network Agreement  to establish the terms and conditions by which Publisher may enter the Site_Name Network and display advertisements on behalf of Site_Name Customers . \r\n\r\nDEFINITIONS\r\n\r\nAdvertiser means Site_Name and/or the advertiser or advertising agency providing Ads to Site_Name for use on Publisher''s Website(s) as specified herein. \r\nApproved Websites means the Publisher''s domain(s) and/or specific root URLs and or blogs approved by Site_Name .\r\nSite_Name Network means Site_Name''s affiliated group of third-party Websites by which Site_Name may insert Ads. \r\nSite_Name System refers to the collection of software, including ad serving and measurement technologies that Site_Name uses to provide services to both advertisers and publishers.\r\nClick, Click-Thru or Click-Through means the activation of a hyperlink using a mouse or other input device. The click-through is essential to the interactivity of online advertising. \r\nClick-Through Rate or CTR means the rate of activated ads to total ads displayed. \r\nImpressions means the number of times an Ad is served to, and received by, a unique visitor on Publisher''s Website or other media as measured by Site_Name . \r\nIncentivized Traffic means a Website where Ads are placed where Users have some sort of incentive to click through on Ads.\r\nNetwork IP means the Ads, Site_Name Code or other intellectual property made available to Publisher in connection with its performance under this Agreement.\r\nProhibited Conduct means conduct, during the course of performance of this Agreement that is listed or related to the proscribed conduct listed in Section Publisher Media shall mean the Website, search engine or other electronic media on which Publisher places Ads.\r\nUnique Click means the number of times, as recorded by Site_Name server, a User viewing Publisher''s Media, as identified by a cookie or IP address, clicks on a Creative, provided however, that a click on a specific Creative by a particular User shall only be counted as a Unique Click once every 24-hour period.\r\nUser means any person accessing Publisher Media.  \r\nWebsite means an HTML document containing a set of information available via the Internet.\r\nSite_Name AND PUBLISHER AGREE AS FOLLOWS:\r\n1. Site_Name Network\r\n(a)  Membership: Membership in the Network is subject to prior approval by Site_Name . Site_Name reserves the right to refuse service to any new or existing Publisher for any reason, in its sole discretion. Approval of membership in the Network is limited only to the domains and/or specific root URLs for which Publisher has applied for approval by Site_Name . Site_Name reserves the right, in its sole discretion and without liability, to reject, omit or exclude any Publisher or Website for any reason at any time with or without notice to the Publisher and regardless of whether such Publisher or Website was previously accepted. Without limiting the foregoing, Site_Name reserves the right to require a potential or existing Publisher to submit detailed descriptions or explanations of the Publisher Website(s) or application(s) functionality and back-end technology through a questionnaire or survey. Refusal to participate or answers deemed unsatisfactory constitutes grounds for non-acceptance or termination from the Network. This Agreement is voidable by Site_Name immediately if Publisher fails to disclose, conceals or misrepresents itself in any way. Unless otherwise advised due to technological issues by Site_Name , any person, Publisher, or affiliated group may have only one account, however, each account may include multiple Websites/domains. In the event that a Publisher signs up more than one Website/domain, and it has been approved by Site_Name, each and every additional Website/domain is obligated and bound by these same terms and conditions.  In any event, Site_Name reserves the right to reject or approve any additional Website(s), and is under no obligation to accept any Website(s), even if the additional Website(s) is the property of an already approved Publisher.  All activity for a given account will be consolidated into one report. \r\n\r\n(b)  Site_Name Websites: For purposes of this Agreement, all Websites that are owned, operated or hosted by or on behalf of Site_Name, are referred to herein collectively as the "Site_Name Websites." You agree that you will not use the Site_Name Websites or any content therein or data obtained therefrom for any purposes other than to fulfill this Agreement and that you will not disseminate any of the information contained on Site_Name Websites, without prior consent from Site_Name . You agree that you will not use any automated means, including, without limitation, agents, robots, scripts, or spiders, to access or manage your account with Site_Name or to monitor or copy the Site_Name Websites or the content contained therein except via automated means expressly made available by Site_Name , if any, or authorized in advance and in writing by Site_Name (for example, Site_Name -approved third-party tools and services). You will not interfere or attempt to interfere with the proper working of the Site_Name Websites or any program thereon, or the Site_Name System. Without limitation to the foregoing, you further agree that you will not take any action that imposes an unreasonable or disproportionately large load on the Site_Name Websites, any programs thereon, or Site_Name ''s infrastructure, as determined by Site_Name .\r\n\r\n(c) Services: Publisher understands and agrees that from time to time the Site_Name System hereunder may be inaccessible, unavailable or inoperable for any reason, including, without limitation: (i) equipment malfunctions; (ii) periodic maintenance procedures or repairs which Site_Name may undertake from time to time; or (iii) causes beyond the control of Site_Name or which are not reasonably foreseeable by Site_Name, including, without limitation, interruption or failure of telecommunication or digital transmission links, hostile network attacks, the unavailability, operation, or inaccessibility of Websites or interfaces, network congestion or other failures. While Site_Name will attempt to provide the services on a continuous basis, Publisher acknowledges and agrees that Site_Name has no control over the availability of the services on a continuous or uninterrupted basis. Publisher also understands and agrees that Site_Name is not responsible for the functionality of any third-party Website or interface. Terms of this Agreement are subject to Site_Name hardware, software, and bandwidth traffic limitations. Failure to deliver because of technical difficulties does not represent a failure to meet the obligations of this Agreement. Site_Name reserves the right to discontinue offering any of the Site_Name Systems and/or Site_Name Websites at any time. Except as otherwise specified by Site_Name, Publisher agrees that it will direct all communications relating to any Site_Name Website or your participation therein directly to Site_Name and not to any other entity.\r\n2. Website Content and Prohibited Conduct \r\n(a) Pre-approval Required: Publishers that have Websites that relate to or have any characteristic of the following shall be approved on a case by case basis: (i) excessive ads, app  quest/test, user content (blogs, etc.), (ii) controversial issues, religion, sexual orientation and/or edgy humor, (iii) wrestling, (iv) anime, (v) old content, and/or (vi) poor quality design and functionality.\r\n\r\n(b) Prohibited Conduct: Site_Name does not accept Websites that produce, relate to or have characteristics of Prohibited Conduct. Prohibited Conduct is defined as: \r\n(i) Ad Placement & Tracking: Publisher shall not: (1) Place Creatives or Ads in emails without prior consent and tracking from Site_Name; (2) Intentionally place Creatives on blank web pages or on web pages with no content; (3) Stack Creatives (e.g. place on top of one another so that more than 2 ads are next to each other); (4) Place Creatives on non-approved Websites or web pages, or in such a fashion that may be deceptive to the User; (5) Incentivize offers or create the appearance to incentivize offers; (6) Place statements near the Ads requesting that Users "click" on the Ad (i.e., "Please click here") or "visit" the sponsor (i.e., "Please visit our sponsor"); (7) Place misleading statements near the Ad (i.e., "You will win $5,000."); (8) Redirect traffic to a Website other than that listed by the particular Advertiser; (9) Ask Users to take advantage of other Ads or offers other than those listed by the particular Advertiser; (10) Serve Creatives, or drive traffic to such Creatives, using any downloadable applications without the prior written approval of Site_Name, which, if provided, is subject in each case to the following condition: Creatives delivered in approved downloadable applications may only be shown once per User session when the application is active, enabled and clearly recognizable by the end User as being active and enabled. Serving Creatives at anytime when the downloaded application is not active is strictly prohibited and grounds for immediate termination without pay; (11) Use invisible methods to generate impressions, clicks, or transactions that are not initiated by the affirmative action of the end-user; (12) Attempt in any way to alter, modify, eliminate, conceal, or otherwise render inoperable or ineffective the Website tags, source codes, links, pixels, modules or other data provided by or obtained from Site_Name that allows Site_Name to measure ad performance and provide its service.\r\n(ii) Websites: Publisher shall not place any Creative, Ads or Network IP on Web Sites that contain, promote, reference or have links to: (1) profanity, sexually explicit materials, hate material, promote violence, discrimination based on race, sex, religion, nationality, disability, sexual orientation, age, or family status, or any other materials deemed unsuitable or harmful to the reputation of Site_Name; (2) software piracy (warez, cracking, etc.), hacking, phreaking, emulators, ROMs, or illegal MP3 activity.; (3) illegal activities, deceptive practices or violations of the intellectual property or privacy rights of others; (4) Websites under construction, hosted by a free service, personal home pages, or do not own the domain they are under; (5) charity clicks/donations, paid to surf, personal Websites, Website applicants who are not the owner of or employed by the applying Website, active x downloads, no content (link site), all affiliate links, or incentivized traffic; (6) Promote activities generally understood as Internet abuse, including but not limited to, the sending of unsolicited bulk electronic mail or the use of Spyware.  For purposes hereof, Spyware shall mean computer programs or tools that (i) alter a computer Users browser or other settings or use an ActiveX control or similar device to download ad supporting software without providing fair notice to and obtaining affirmative consent; (ii) prevent a computer Users reasonable efforts to block the installation of or disable or remove unwanted software; (iii) remove or disable any security, anti-spyware or anti-virus technology on a Users computer; (iv) send email through a Users computer without prior authorization; (v) open multiple, sequential, stand-alone advertisements in the consumers Internet browser which cannot be closed without closing the Internet browser or shutting down the computer or (vi) other similar activities that are prohibited by applicable law.\r\n \r\n(iii). Search & Miscellaneous: Publisher shall not: (1) Violate guidelines of any search engines being utilized; (2) Engage in search engine spam, doorway pages, cloaking, etc.; (3) Bid on any trademarked name or terms in any PPC/keyword/adword/campaign; (4) Conduct search Ads falsely suggesting a link between Site_Name and a third- party or otherwise infringing on a third-partys intellectual property rights; (5) Engage in any advertising via facsimile or telemarketing; (6) Engage in any misleading or deceptive conduct.\r\n3. Ad Content and Placement \r\n(a) Compliance with Industry Standards: Publisher agrees to undertake and complete the services as specified by the Site_Name Network, including all Ad placement restrictions or channels specified, in accordance with the highest industry standards. Publisher shall position the Ads in such a manner to assure that they are fully and clearly visible to consumers and displayed in a similar manner as other merchants included in the Website.  \r\n\r\n(b) No Modifications to Creative, Code or Network IP: Except as permitted under this Agreement, Publisher may not alter, copy, modify, take, sell, re-use, or divulge in any manner any Creative, Network IP or computer code provided by Site_Name without Site_Names prior written consent. Publisher may not copy Site_Name''s Ads and display them from Publisher''s Website directly; redirect traffic to a Website other than that listed by Site_Name or the Advertiser; or ask Users to take advantage of other Ads or offers other than those listed by Site_Name or Advertiser.  Any Site_Name content which is copied, changed or altered without prior written consent will result in non-payment for the campaign and may result in termination. Any approved modifications to Site_Name Code or Network IP shall be owned solely by Site_Name. \r\n\r\n(c) Requirements: Publisher shall be solely responsible for (i) managing its advertising content exclusions in the Site_Name interface, and (ii) placing Ads on the Publisher Media, which placement shall be subject to the terms and conditions of this Agreement. Ads may only be placed on Approved Websites. Site_Name pop-up or pop-under window cannot be launched from Websites that launch more than a total of one pop window, including the Site_Name pop.  Skyscrapers or wide skyscrapers and half page formats cannot be placed on the same page. Publisher will not place ads on blank pages, on pages with no content, on top of one another, on non-approved Websites, or in such a fashion that may be deceptive to the visitor.  Publisher agrees to use the Site_Name Code provided by Site_Name for displaying an Ad not more than ONCE per page view.  Placement of ads in email must be done after notifying Site_Name so appropriate tracking measures can be put in place.  \r\n \r\n(d) Default Ads: Publisher acknowledges and agrees that Site_Name may not be able to fill 100% of advertising requests sent to its servers with paying Ads. If Publisher chooses not to specify a default redirect ad, Site_Name will display so-called ''house'' and/or ''AdCouncil'' ads on Publisher''s Website when paid advertising is unavailable. Site_Name may also display so-called ''house'' and/or ''AdCouncil'' ads on Publisher''s Websites when technical difficulties require it. So-called ''house'' and ''AdCouncil'' ads are not paid advertising. Under no circumstances does Site_Name guarantee to provide any percent fill of paid advertising to a Website.\r\n4. Network Quality\r\nSite_Name will not tolerate or accept any activities it deems harmful or potentially damaging to its reputation and/or business, or that of its customers and/or clients including but not limited to the activities stated in this Agreement. Site_Name employs individuals for the express purpose of monitoring the Publisher''s Websites within our network to ensure that our customers and clients are receiving the highest quality campaigns. Site_Name has also developed an advanced anti-fraud system and regularly audits Publisher''s traffic. Publishers that commit fraudulent activities, including false clicks, false impressions, and incentivized clicks, will have their account permanently removed from the Network and may not be compensated for fraudulent traffic.  Site_Name has several fraud mechanisms at its disposal that will detect most forms within a few days of the initial activity. All Creatives must be served from a Site_Name server or serving location, or through a Site_Name approved 3rd-party-hosted server. Stored images that are loaded from a different location will not count towards any statistic or payment. \r\n5. Proprietary Rights\r\n(a) Licenses: At the agreed upon pay-out price and provided that Publisher complies with all provisions of this Agreement, Site_Name hereby grants to Publisher a nonexclusive, limited, revocable license to use, execute, and display the Network IP solely for purposes of performing its other obligations hereunder. Except for the limited license expressly granted in this Section, nothing in this Agreement shall be construed as Site_Name granting Publisher any right, title or interest in Network IP.  Publisher acknowledges and agrees that Site_Name and/or Advertiser owns all right, title and interest in and to the Network IP and all related intellectual and proprietary rights of any kind anywhere in the world.  Publishers use of the Network IP or the results created thereby, or disseminating or distributing any of this information except as expressly permitted by this Agreement is strictly forbidden and will result in the termination of this limited license and may result in Publisher being held liable under applicable law.  \r\n\r\n(b) Intellectual Property Ownership: Subject to the limited licenses granted to Site_Name and Publisher hereunder, each party shall own and shall retain all right, title and interest in its trade names, logos, trademarks, service marks, trade dress, Internet domain names, copyrights, patents, trade secrets, know how and proprietary technology, including, without limitation, those trade names, logos, trademarks, service marks, trade dress, copyrights, patents, testimonials, endorsements, know how, trade secrets and proprietary technology currently used or which may be developed and/or used by it in the future ("Intellectual Property").  Except as provided in this Agreement, neither party may distribute, sell, reproduce, publish, display, perform, prepare derivative works or otherwise use any of the Intellectual Property of the other party without the express prior written consent of such party.  \r\n\r\n(c) Data Ownership: Publisher understands that all data, including, but not limited to, personally identifiable information provided by Users in response to an Ad and/or any or all reports, results, and/or information created, compiled, analyzed and/or derived by Site_Name from such data is the sole and exclusive property of Advertiser and Site_Name and is considered Confidential Information pursuant to this Agreement. Site_Name and/or its Advertisers, in their sole discretion, shall have the right to market and re-market the User(s) and or data without further obligation to Publisher.  Publisher shall not make any use of, copy, make derivative works from, sell, transfer, lease, assign, redistribute, disclose, disseminate, or otherwise make available in any manner, such information, or any portion thereof, to any third-party. Unless otherwise agreed to in writing by the parties, any other use of such information is strictly prohibited.  \r\n6. Representations and Warranties\r\n(a) Publisher Responsibility: The parties hereby acknowledge that Publisher is solely responsible for the method of dissemination of the campaigns, and that Site_Name will not have any control over the method of dissemination and is relying entirely on these warranties made by Publisher.\r\n\r\n(b) Publisher Warranties: Publisher represents, warrants, covenants and acknowledges that (i) it will provide and maintain the resources, personnel and facilities suitable to perform its obligations under the Agreement; (ii) it will comply with all applicable federal (national), state and local laws and regulations including, without limitation, laws relating to advertising, the Internet, privacy and unfair business practices; (iii) it will not engage in Prohibited Conduct; (iv) it will comply with Site_Names Privacy Policy as amended from time to time; (v) that Publisher is at least 18 years of age on the effective date of this Agreement; and (vi) that Site_Name does not make any specific or implied promises as to the successful outcome of any campaigns.\r\n\r\n(c) Mutual Warranties: Each party represents and warrants to the other that (i) it has the full right, power, legal capacity, and authority to enter into, deliver and fully perform under this Agreement; (ii) neither the execution, delivery, nor performance of this Agreement will result in a violation or breach of any contract, agreement, order, judgment, decree, rule, regulation or law to which such party is bound; and (iii) such party acknowledges that the other party makes no representations, warranties, or agreements related to the subject matter hereof that are not expressly provided for in the Agreement.\r\n7. Privacy \r\n(a) Obligations: Internet consumer privacy is of paramount importance to Site_Name, its subsidiaries, and its customers. Site_Name is committed to protecting the privacy of consumers, clients, and Advertisers, and to do its part to maintain the integrity of the Internet. Publisher therefore affirms and attests that it will adhere to fair information collection practices with respect to its performance under this Agreement.  \r\n\r\n(b) Privacy Requirements: Publisher agrees to the following and must clearly post on its Website an easy to understand privacy policy that (i) is in compliance with all federal (national, in the US compliant with FTC) guidelines and any other applicable laws, rules and regulations with respect to online privacy; (ii) identifies the nature and scope of the collection and use of information gathered by Publisher and offers the User an opportunity to opt out from such collection and use of the data; and (iii) contain language materially similar to the following:\r\n"We have contracted with Site_Name to monitor certain pages of our website for the purpose of reporting website traffic, statistics, advertisement ''click-throughs'', and/or other activities on our website. Where authorized by us, Site_Name may use cookies, web beacons, and/or other monitoring technologies to compile anonymous statistics about our website visitors. Site_Name may use this data and statistics to track users and serve advertising based on the collected data and statistics.   However, no personally identifiable information is collected by or transferred to any party other than the Advertiser.\r\n(c) Cookies: Publisher acknowledges that (i) cookies are important devices for measuring advertising effectiveness and ensuring a robust online advertising industry and (ii) efforts are required to increase User awareness about the use of cookies and their role in providing free content and other benefits to Users.  Publisher agrees to take such steps as may be commercially reasonable and appropriate to promote User awareness about cookies or similar devices as may be identified by Site_Name.  \r\n8. Payment \r\n(a) Payment Rate: Site_Name reserves the right to set campaign rates, which may vary with market conditions.  Do not invoice Site_Name; all Publisher invoices are discarded. Publishers will be paid at the account level.  All unpaid earnings will rollover to the next pay period. All payments are based on actuals as defined, accounted and audited by Site_Name. Site_Name reserves the absolute right to withhold payment from accounts or Publishers that violate any of the terms and conditions set forth herein. Site_Name will determine, in its sole discretion, whether acts or omissions are deceptive, fraudulent or violate this Agreement. . Examples of such acts may include, without limitation, clicks without referring URLs, extraordinary high numbers of repeat clicks, and clicks from non-approved root URLs.\r\n\r\n(b) Breach or Fraud: If any Publisher violates or refuses to fulfill its responsibilities, or commits fraudulent activity, Site_Name reserves the right to withhold payment and take appropriate legal action.\r\n(c) Calculation: Calculation of Publisher earnings, including Impressions and click through numbers, shall be in Site_Names sole discretion. In the event Publisher disagrees with any such calculation, Publisher shall immediately send a written request to Site_Name detailing, with specificity, Publisher''s concerns. Thereafter, Site_Name will provide Publisher with an explanation or, if such calculations are determined by Site_Name to be incorrect, an adjustment. Site_Names calculations shall be final and binding. \r\n9. Indemnity \r\nPublisher is solely responsible for any legal liability arising out of or relating to (i) Publisher''s Website(s), (ii) any material to which Users can link through Publisher''s Website(s), and/or (iii) any consumer and/or governmental/regulatory complaint arising out of any campaign conducted by Publisher, including but not limited to any spam or fraud complaint and/or any complaint relating to failure to have proper permission to conduct such campaign to the consumer. Publisher shall indemnify, defend, and hold harmless Site_Name and its officers, directors, employees, agents, shareholders, partners, affiliates, representatives, agents and Advertisers (collectively Site_Name Parties) harmless from and against any and all allegations, claims, actions, causes of action, lawsuits, damages, liabilities, obligations, costs and expenses (including without limitation reasonable attorneys fees, costs related to in-house counsel time, court costs and witness fees) (collectively Losses) incurred by, or imposed or asserted against, the Site_Name Parties which, if true, would constitute or relate to any claims, suits, or proceedings for (a) libel, defamation, violation of rights of privacy or publicity, copyright infringement, trademark infringement or other infringement of any third-party right, fraud, false advertising, misrepresentation, product liability or violation of any law, statute, ordinance, rule or regulation throughout the world in connection with Publisher''s Website(s); (b) any breach by Publisher of any duty, representation or warranty under this Agreement; (c) any breach by Site_Name of any duty, representation, or warranty to provide Ad(s) for placement on Publisher''s Website(s) due to any breach by Publisher of this Agreement; (d) a contaminated file, virus, worm, or Trojan horse originating from the Publisher''s Website(s); or (e) gross negligence or willful misconduct by Publisher.\r\n10. Limitations of Warranties and Liability\r\n(a) Disclaimer of Warranties: ALL SERVICES PROVIDED BY THE Site_Name ARE PROVIDED ON AN AS IS AS AVAILABLE BASIS.  TO THE FULLEST EXTENT PERMISSIBLE PURSUANT TO APPLICABLE LAW, Site_Name MAKES NO WARRANTIES, GUARANTEES, REPRESENTATIONS, PROMISES, STATEMENTS, ESTIMATES, CONDITIONS, OR OTHER INDUCEMENTS, EXPRESS, IMPLIED, ORAL, WRITTEN, OR OTHERWISE EXCEPT AS EXPRESSLY SET FORTH HEREIN.  Site_Name IS NOT RESPONSIBLE FOR DELAYS CAUSED BY ACCIDENT, WAR, ACT OF GOD, EMBARGO, COMPUTER SYSTEM FAILURE, OR ANY OTHER CIRCUMSTANCE BEYOND ITS CONTROL.\r\n\r\n(b) Limitation of Liability: UNDER NO CIRCUMSTANCES SHALL Site_Name BE LIABLE TO PUBLISHER FOR INDIRECT, INCIDENTAL, CONSEQUENTIAL, SPECIAL OR EXEMPLARY DAMAGES (EVEN IF Site_Name HAS BEEN ADVISED OF THE POSSIBILITY OF SUCH DAMAGES), ARISING FROM ANY ASPECT OF THE ADVERTISING RELATIONSHIP PROVIDED HEREIN. IN NO EVENT SHALL Site_NameS TOTAL OBLIGATIONS OR LIABILITY HEREUNDER EXCEED THE LESSER OF THE SPECIFIC ADVERTISING CAMPAIGN IN QUESTION OR ONE THOUSDAND DOLLARS ($1,000.00).  REGARDLESS OF ANY LAW TO THE CONTRARY, NO ACTION, SUIT OR PROCEEDING SHALL BE BROUGHT AGAINST Site_Name MORE THAN ONE (1) YEAR AFTER THE DATE UPON WHICH THE CLAIM AROSE. \r\n\r\n(c) Consideration: PUBLISHER ACKNOWLEDGES THAT Site_Name HAS AGREED TO PRICING IN RELIANCE UPON THE LIMITATIONS OF LIABILITY AND THE DISCLAIMERS OF WARRANTIES AND DAMAGES SET FORTH HEREIN, AND THAT THESE CONSIDERATIONS FORM AN ESSENTIAL BASIS OF THE BARGAIN BETWEEN THE PARTIES.  PUBLISHER AGREES THAT THE LIMITATIONS AND EXCLUSIONS OF LIABILITY AND DISCLAIMERS SPECIFIED IN THESE TERMS WILL SURVIVE AND APPLY EVEN IF FOUND TO HAVE FAILED OF THEIR ESSENTIAL PURPOSE. SOME JURISDICTIONS DO NOT ALLOW THE EXCLUSION OF CERTAIN WARRANTIES OR LIABILITIES, SO SOME OF THE ABOVE EXCLUSIONS MAY NOT APPLY TO PUBLISHER.\r\n11. Term and Termination \r\n(a) Termination: This Agreement, as may be amended, applies to Publisher for as long as Publisher distributes Ads for Site_Name. Site_Name reserves the right to terminate any Publisher from the Network at any time, with or without cause.   \r\n(b) Post-termination: Upon termination, Publisher agrees to immediately remove from the Websites any and all Site_Name Code and Network IP supplied to Publisher by Site_Name. Publisher will be paid, in the next scheduled payment cycle following termination, all legitimate, non-fraudulently accrued, earnings due up to the time of termination. Upon termination all ties to referrals will be permanently severed and Publisher will not receive nor be entitled to receive future referral commissions hereunder.\r\n12. Confidentiality      \r\nEach party agrees that it may provide the other with information that is confidential and proprietary to that party or a third- party, as is designated by the disclosing party or that is reasonably understood to be proprietary and/or confidential ("Confidential Information"). Site_Names campaign rates are considered confidential.  Each party may use Confidential Information received from the other party only in connection with and to further the purposes of this Agreement. Confidential Information shall not be commingled with information or materials of others and any copies shall be strictly controlled. The receiving party agrees to make commercially reasonable efforts, but in no case no less effort than it uses to protect its own Confidential Information, to maintain the confidentiality of and to protect any proprietary interests of the disclosing party. Confidential Information shall not include (even if designated by a party) information: (i) that is or becomes part of the public domain through no act or omission of the receiving party; (ii) that is lawfully received by the receiving party from a third-party without restriction on use or disclosure and without breach of this Agreement or any other agreement without knowledge by the receiving party of any breach of fiduciary duty, or (iii) that the receiving party had in its possession prior to the date of this Agreement. Upon termination of this Agreement, or upon written request by Site_Name, Publisher must destroy or return to Site_Name any Confidential Information provided by Site_Name under this Agreement.\r\n13. Choice of Law and Attorneys Fees \r\nThis Agreement is governed by the laws of the State of Delaware (USA), except for its conflict of law provisions. The exclusive forum for any actions related to this Agreement shall be in the state courts, and, to the extent that federal courts have exclusive jurisdiction, in Delaware.  The parties consent to such venue and jurisdiction, waive any right to a trial by jury, and agree to waive the personal service of any process upon them by agreeing that service may be effected by overnight mail (using a commercially recognized service) or by U.S. mail with delivery receipt to the last address provided by Publisher. The application of the United Nations Convention on the International Sale of Goods is expressly excluded.  A party that primarily prevails in an action brought under this Agreement is entitled to recover from the other party its reasonable attorneys fees and costs. \r\n14. Entire Agreement and Modification \r\nThis Agreement, including exhibits, addenda, the Site_Name Privacy Policy (as amended from time to time and which is incorporated herein by reference), contains the entire understanding and agreement of the parties and there have been no promises, representations, agreements, warranties or undertakings by either of the parties, either oral or written, except as stated in this Agreement. This Agreement may only be altered, amended or modified by an instrument that is assented to by each party to this Agreement by verifiable means, including without limitation by written instrument signed by the parties or through a "click through" acknowledgement of assent. No interlineations to this Agreement shall be binding unless initialed by both parties. Notwithstanding the foregoing, Site_Name shall have the right to change, modify or amend ("Change") this Agreement, in whole or in part, by posting a revised Agreement at least five (5) days prior to the effective date of such Change.  Publishers continued use of the Network after the effective date of such Change shall be deemed Publishers acceptance of the revised Agreement.  No change, amendment, or modification of any provision of the Agreement by Publisher will be valid unless set forth in a written instrument signed by an executive of both Parties with the corporate authority to do so.\r\n15. Assignment \r\nNo rights or obligations under this Agreement may be assigned by Publisher without the prior written consent of Site_Name. Any assignment, transfer or attempted assignment or transfer in violation of this Section shall be void and of no force and effect. Site_Name and any of its subsequent assignees may assign this Agreement, in whole or in part, or any of its rights or delegate any of its duties, under this Agreement to any party. This Agreement shall be binding upon and inure to the benefit of the parties hereto and their respective permitted successors and assigns.\r\n16. Independent Contractors \r\nEach party is an independent contractor.  Any intention to create a joint venture or partnership between the parties is expressly disclaimed.  Except as set forth herein, neither party is authorized or empowered to obligate the other or to incur any costs on behalf of the other without the other partys prior written consent.\r\n17. Marketing \r\nPublisher shall not release any information regarding Campaigns, Creatives, or Publishers relationship with Site_Name or its customers, including, without limitation, in press releases or promotional or merchandising materials, without the prior written consent of Site_Name. Site_Name shall have the right to reference and refer to its work for, and relationship with, Publisher for marketing and promotional purposes. No press releases or general public announcements shall be made without the mutual consent of Site_Name and Publisher.\r\n18. Force Majeure \r\nNeither party shall be liable by reason of any failure or delay in the performance of its obligations hereunder for any cause beyond the reasonable control of such party, including but not limited to electrical outages, failure of Internet service providers, default due to Internet disruption (including without limitation denial of service attacks), riots, insurrection, acts of terrorism, war (or similar), fires, flood, earthquakes, explosions, and other acts of God.\r\n19. Survival and Severability \r\nAny obligations which expressly or by their nature are to continue after termination, cancellation, or expiration of the Agreement shall survive and remain in effect after such happening. Each Party acknowledges that the provisions of the Agreement were negotiated to reflect an informed, voluntary allocation between them of all the risks (both known and unknown) associated with the transactions contemplated hereunder. All provisions are inserted conditionally on their being valid in law. In the event that any provision of the Agreement conflicts with the law under which the Agreement is to be construed or if any such provision is held invalid or unenforceable by a court with jurisdiction over the Parties to the Agreement, then (i) such provision will be restated to reflect as nearly as possible the original intentions of the Parties in accordance with applicable law; and (ii) the remaining terms, provisions, covenants, and restrictions of the Agreement will remain in full force and effect.\r\n20. Remedies and Waiver \r\nExcept as otherwise specified, the rights and remedies granted to a party under this Agreement are cumulative and in addition to, not in lieu of, any other rights and remedies which the party may possess at law or in equity. Failure of either party to require strict performance by the other party of any provision shall not affect the first partys right to require strict performance thereafter. Waiver by either party of a breach of any provision shall not waive either the provision itself or any subsequent breach.', 1);

INSERT INTO `time_hour` (`code`, `name`) VALUES
(0, '12 AM'),
(1, '1 AM'),
(2, '2 AM'),
(3, '3 AM'),
(4, '4 AM'),
(5, '5 AM'),
(6, '6 AM'),
(7, '7 AM'),
(8, '8 AM'),
(9, '9 AM'),
(10, '10 AM'),
(11, '11 AM'),
(12, '12 PM'),
(13, '1 PM'),
(14, '2 PM'),
(15, '3 PM'),
(16, '4 PM'),
(17, '5 PM'),
(18, '6 PM'),
(19, ' 7 PM'),
(20, '8 PM'),
(21, '9 PM'),
(22, '10 PM'),
(23, '11 PM');

INSERT INTO `url_updation` (`id`, `name`, `oldname`, `seoname`) VALUES
(1, 'home', 'index.php', ''),
(2, 'advertisers', 'ppc-user-login.php', ''),
(3, 'publishers', 'ppc-publisher-login.php', ''),
(4, 'signin', 'login.php', ''),
(5, 'signup', 'registration.php', ''),
(6, 'advfaq', 'ppc-advertiser-faq.php', ''),
(7, 'pubfaq', 'ppc-publisher-faq.php', ''),
(8, 'forgotpassword', 'forgot-password.php', ''),
(9, 'contactus', 'ppc-contact-us.php', ''),
(10, 'advertisersignup', 'ppc-user-registration.php', ''),
(11, 'publishersignup', 'ppc-publisher-registration.php', ''),
(12, 'advertiserforgotpassword', 'ppc-forgot-password.php', ''),
(13, 'publisherforgotpassword', 'ppc-publisher-forgot-password.php', '');
